date,ASupersharij,legitimniy,rezident_ua,montyan2,first_political,Novoeizdanie,ZeRada1,ghost_of_novorossia,spletnicca,OlgaSharij,ZE_kartel,nabludatels,MediaKiller2021,skosoi,Media_Post_UA,skeptik_21,krioggen,sheptoon,za_grany,nach_shtabu,truexanewsua,u_now,UAonlii,insiderUKR,voynareal,4kAkN49IKJBhZDk6,oko_xx,U3r_kPBc7PpgiYP7,UkraineNow,TVbmPYPLV_f00SF3
2021-09-18,287634,215093,153525,,394056,,71440,,51677,65200,55419,71324,40103,64084,62204,,35538,56752.0,46208,33611,160637.0,502846,341577.0,262804,215204.0,395708,351826.0,223752,521014,
2021-09-19,287514,215304,153528,,395737,,71449,,51621,65139,55302,71226,41012,64021,66881,,36464,56725.0,48198,33579,160727.0,504117,355059.0,267357,215253.0,394007,351990.0,231450,520831,
2021-09-20,287389,215524,153515,,395836,,71485,,51552,65069,55283,71120,41812,64029,70868,,37246,56677.0,48809,33664,160941.0,504034,354333.0,265811,215157.0,392760,360990.0,242264,520618,
2021-09-21,287275,215488,153485,,397341,,71384,,51452,65010,54861,70953,42815,63947,76055,41594.0,38153,56644.0,51370,33682,161000.0,504005,352947.0,265837,215580.0,391461,361549.0,247402,520543,
2021-09-22,287234,215605,153762,,399394,,71436,,51376,64951,54566,71319,43405,63928,79644,,38741,56669.0,54484,33761,161097.0,504154,351551.0,265099,215241.0,390064,360272.0,252207,520513,
2021-09-23,287224,215812,154048,,400465,,71459,1373.0,51298,64885,54226,71422,43581,63869,81424,,38765,56691.0,56388,33851,161122.0,503941,350221.0,264318,214777.0,388703,359106.0,251543,520392,
2021-09-24,287116,215881,154219,,401447,,71893,1377.0,51260,64918,53795,71675,43754,63813,82970,,38699,56594.0,58005,33858,161135.0,510674,349141.0,263532,214374.0,387489,357637.0,251710,520278,
2021-09-25,286870,215903,154351,,401904,,71888,1376.0,51236,64887,53792,71485,43797,63752,84485,,43189,56535.0,59631,33887,161133.0,510676,348176.0,262794,213901.0,397664,358006.0,250959,520060,
2021-09-26,286972,215752,154432,,402369,,71939,1383.0,51194,64841,53565,71705,43924,63692,85434,,46041,56523.0,61283,33917,161158.0,509901,347230.0,262125,213469.0,395675,357021.0,252088,519901,
2021-09-27,286754,216064,154529,,403180,,71944,1390.0,51662,64774,53464,72156,44704,63643,86844,,48697,56620.0,63144,34157,161107.0,510525,346326.0,261335,213010.0,394055,355910.0,254651,519575,
2021-09-28,286530,216502,154841,,403618,,71911,1380.0,51609,64715,53394,72521,45629,63590,87581,,51138,56594.0,63865,34480,161080.0,509100,345430.0,260542,212602.0,392602,354715.0,253638,519316,21934.0
2021-09-29,286331,217098,155268,,403022,,72269,1379.0,51720,64637,53808,72587,45787,63533,87805,,51544,56628.0,63846,34558,161116.0,508267,344510.0,259815,212168.0,391309,353508.0,254121,519030,21930.0
2021-09-30,286173,217276,155550,,409820,,72474,1382.0,51922,64568,54396,72788,45857,64084,96332,,59725,56946.0,72416,34627,161155.0,507035,343654.0,259111,211773.0,390095,352879.0,255020,518786,21856.0
2021-10-01,285972,217555,156266,,411645,,72453,1394.0,52093,64492,54821,72758,46148,64065,99071,,63026,57266.0,75309,34648,161151.0,505919,342917.0,258873,211392.0,389022,351922.0,256268,518568,22724.0
2021-10-02,285797,217836,156741,,411159,,72497,1392.0,52043,64440,55437,72662,46460,64631,99342,,63556,57340.0,75567,34618,161143.0,504895,342201.0,258287,210978.0,387979,350917.0,257049,518381,22888.0
2021-10-03,285641,217917,156950,,411710,,72444,1393.0,51992,65640,55361,72557,46565,64580,101413,,64493,57290.0,78562,34588,161192.0,503923,341386.0,257651,210528.0,386856,351590.0,255893,518129,22632.0
2021-10-04,285639,218407,157240,,426381,,72833,1401.0,52207,66284,55884,72706,46467,65102,115749,,80306,57121.0,92243,34537,161521.0,503219,343457.0,257628,210028.0,385691,361180.0,266670,517732,22334.0
2021-10-05,285597,218653,157480,,426942,,72929,1398.0,52301,66252,56275,73042,46553,65109,116877,,81857,57114.0,93363,34434,161782.0,503144,343114.0,259259,209555.0,384753,362255.0,270931,517519,22423.0
2021-10-06,285479,218869,157783,,431234,,72932,1386.0,52265,66207,56574,72939,46681,65067,122523,,85562,57059.0,99184,34394,161986.0,502575,342015.0,263835,209093.0,383747,361212.0,269931,517366,22355.0
2021-10-07,285369,219267,158389,,435688,,73156,1385.0,52195,66129,56686,73141,47088,65335,127842,,85604,56991.0,104409,34315,162261.0,502030,341077.0,263787,208624.0,382795,359979.0,271944,517382,22293.0
2021-10-08,285411,219351,158687,,432527,,73444,1382.0,52382,66142,56651,72904,47030,65595,126667,,85841,57108.0,103975,34326,162301.0,506100,342083.0,262920,208264.0,381864,358830.0,273851,517292,22151.0
2021-10-09,285351,219521,158606,,429107,,73377,1381.0,52369,66097,55993,72558,47314,65475,126163,,86153,57039.0,103545,34260,162325.0,506028,341108.0,262160,207886.0,381010,357769.0,272615,517079,23898.0
2021-10-10,285311,219774,158741,,425690,,73432,1411.0,52359,66045,55913,72210,47508,65941,126097,,87005,56965.0,103630,34167,162432.0,505184,340350.0,261446,207515.0,380136,356515.0,275646,516879,24705.0
2021-10-11,285212,219551,158877,,424893,,73464,1442.0,52441,65988,54712,72024,48139,65871,132981,,87416,57007.0,111155,34098,162520.0,504026,339495.0,261181,207130.0,379302,360408.0,277582,516677,24723.0
2021-10-12,285152,220057,159323,,421261,,73717,1448.0,52373,65936,54957,72202,48387,66309,131930,,87735,56987.0,110505,34062,162595.0,503125,339126.0,260571,206776.0,379098,365955.0,277851,516600,24386.0
2021-10-13,285047,220220,159342,,419132,,73862,1453.0,52892,65870,54745,72274,48574,66261,131813,,87936,56960.0,110332,34021,162687.0,503110,339834.0,260155,206373.0,378897,365716.0,276708,516539,24688.0
2021-10-14,284906,220321,159363,,428074,,74087,1452.0,52738,65800,54686,72057,48838,66442,134524,,88031,56997.0,113259,33961,162717.0,507393,338894.0,259494,205979.0,378511,364669.0,276602,516498,25863.0
2021-10-15,284751,220664,159299,,427181,,73912,1454.0,52770,65748,54555,72349,49175,66634,136473,105294.0,88161,56985.0,114703,33914,162759.0,507005,339809.0,258937,205599.0,377547,363160.0,276029,516507,25962.0
2021-10-16,284607,220639,159346,,425210,,74003,1454.0,52623,65687,54094,71920,49524,66445,138532,107099.0,88898,56935.0,116566,34122,162796.0,506102,342390.0,258433,205249.0,378841,362031.0,274232,516438,27006.0
2021-10-17,284499,220689,159432,,427549,,74136,1462.0,52683,65639,54332,72500,49614,66746,138717,107310.0,89258,56933.0,116775,34147,162903.0,505165,341324.0,257865,204950.0,378677,361198.0,275012,516380,28109.0
2021-10-18,284304,220943,159761,,440275,,74153,1474.0,53181,65577,54666,72866,49821,67327,138869,107430.0,89454,56903.0,116841,34122,162999.0,503973,340779.0,257406,204580.0,377524,359949.0,274714,516354,29156.0
2021-10-19,284169,220979,159781,,446764,,74247,1490.0,53337,65497,54721,72787,50100,67251,146120,114307.0,89322,56917.0,123892,34105,163211.0,502700,339706.0,256867,204202.0,376497,358678.0,274440,516358,30693.0
2021-10-20,284055,220987,159870,,450149,,74289,1487.0,53193,65448,54780,72744,50082,67180,154512,120665.0,89260,57230.0,132558,34083,163426.0,502269,338670.0,256267,203839.0,375536,357475.0,272593,516591,31807.0
2021-10-21,283935,220956,159856,,454992,,74272,1487.0,53305,65404,54740,72694,50243,67108,156945,125909.0,89314,57398.0,134432,34044,163525.0,502654,337818.0,255576,203437.0,374557,356335.0,270790,517053,32013.0
2021-10-22,283807,220832,159861,,454241,,74223,1485.0,53363,65345,54811,72776,50231,67049,156499,126055.0,89296,57316.0,133992,33996,163519.0,506171,336916.0,254966,203043.0,374002,361801.0,274456,517390,32243.0
2021-10-23,283703,220788,159978,,453829,,74222,1502.0,53714,65290,55392,73030,50296,67272,156389,124588.0,89201,57289.0,133747,34068,163589.0,505736,336097.0,254399,202689.0,373346,362240.0,276291,517574,32676.0
2021-10-24,283548,220958,160180,,455097,,74308,1513.0,53760,65198,56146,73382,50629,67248,157166,123563.0,89931,57266.0,134607,34063,163776.0,504986,335324.0,253979,202310.0,372449,361661.0,277069,517672,32795.0
2021-10-25,283415,221428,160673,,454827,,74363,1519.0,53859,65136,56948,73412,50777,67262,157260,123273.0,90418,57120.0,134430,34100,163852.0,503931,334536.0,253467,202473.0,371609,360707.0,275771,517682,34660.0
2021-10-26,283240,221698,161042,,453639,,74682,1528.0,53889,65071,57759,73486,50609,67237,156067,121913.0,90596,57034.0,133191,34096,165120.0,505194,333761.0,252966,204140.0,370669,359717.0,273756,517708,34995.0
2021-10-27,283421,222378,161063,,449782,,75699,1545.0,53805,65029,58408,72650,50738,67144,148401,114316.0,91666,56871.0,125596,34089,167583.0,504226,333086.0,252599,204210.0,369743,358793.0,272065,518058,35222.0
2021-10-28,283501,222540,161519,,457775,,75905,1568.0,53816,64957,59312,72874,50932,67338,147763,113557.0,91349,56503.0,125122,33961,168835.0,503669,332282.0,252080,203837.0,368860,361561.0,270436,518387,35390.0
2021-10-29,283598,222836,161864,,455139,,75930,1579.0,53886,64911,60306,73307,50970,67662,147519,113792.0,91028,56242.0,125268,33862,169371.0,507378,331556.0,251613,203561.0,368053,362466.0,271250,518545,36385.0
2021-10-30,283642,222567,161992,,449837,,75943,1592.0,53920,64865,61445,73426,51340,68090,146949,112530.0,90287,55915.0,125138,33723,169691.0,507016,330872.0,251141,203266.0,367346,361341.0,270753,518562,37104.0
2021-10-31,283695,222185,162432,,444509,,75867,1609.0,53775,64806,62072,73351,51371,68006,146353,111075.0,90596,55589.0,125010,33641,169982.0,505921,330351.0,251080,202943.0,366585,360002.0,269590,518495,37684.0
2021-11-01,283682,221970,162378,,449355,,75786,1609.0,53692,64898,62621,73173,51353,67857,152580,110313.0,90179,55312.0,131648,33609,196287.0,504451,329845.0,251739,202610.0,365679,358544.0,272028,518312,39656.0
2021-11-02,283730,223309,162504,,454763,,75880,1611.0,53901,65727,63321,73348,51374,67920,155026,110118.0,91016,55240.0,134544,33576,171034.0,503334,329271.0,252375,202354.0,365605,357557.0,271499,518182,41367.0
2021-11-03,283606,225142,162594,,461904,,75855,1611.0,53900,66442,64325,73546,51495,68274,160623,110336.0,91464,55000.0,140591,33544,174194.0,501993,328732.0,253839,202050.0,364812,356087.0,269824,518095,44431.0
2021-11-04,283483,226795,162560,,460971,,75955,1613.0,53945,67193,64936,73777,51490,68234,160747,110627.0,91760,54756.0,141141,33518,174116.0,502028,327999.0,253303,201768.0,365064,354478.0,267863,517853,48211.0
2021-11-05,283357,228028,162533,,458816,,75861,1637.0,53913,67534,65735,73892,51555,68119,160835,111018.0,91805,54387.0,141666,33432,171057.0,503624,327208.0,252499,201465.0,364489,353037.0,266529,517617,50061.0
2021-11-06,283270,228920,161931,,453715,,75872,1651.0,53841,67480,66413,73299,51397,67836,160239,109752.0,90826,54142.0,141515,33385,171145.0,503283,326554.0,251897,201173.0,363653,351800.0,265262,517447,51036.0
2021-11-07,283220,228472,161091,,446539,4045.0,76032,1677.0,54032,67436,66653,72740,50663,67556,156466,105341.0,86954,56132.0,138173,33350,171160.0,502428,325765.0,251311,200992.0,362712,350451.0,263867,517292,51873.0
2021-11-08,283274,227553,161614,,437669,10235.0,76180,1698.0,54374,67410,66362,72841,51760,66385,155919,104043.0,87597,55587.0,138017,33303,171185.0,505345,324891.0,250811,200827.0,361733,348985.0,263056,516992,54551.0
2021-11-09,283271,225728,161392,,431943,13757.0,76102,1697.0,54370,67603,65614,72745,52680,64422,155825,103482.0,89101,54989.0,138467,33306,171281.0,504426,324251.0,250281,200659.0,360845,352666.0,270071,516789,56202.0
2021-11-10,283208,223710,160764,,429329,17744.0,76161,1698.0,54364,67559,64866,72771,53067,63163,156116,103354.0,89122,54527.0,139393,33307,171425.0,505828,323560.0,250355,200365.0,367630,352790.0,276038,516541,56264.0
2021-11-11,283114,223701,161189,,439995,18717.0,76138,1701.0,54320,67488,64533,73093,52983,62736,157632,104291.0,89787,54276.0,141395,33304,172616.0,504712,322836.0,250557,200046.0,375100,361144.0,274715,516279,56097.0
2021-11-12,282956,223747,161065,,435768,18971.0,76156,1704.0,54313,67409,63926,73622,52999,62047,159750,106014.0,91603,53932.0,143955,33308,173081.0,503610,322191.0,250370,199770.0,374582,361403.0,274347,515926,56322.0
2021-11-13,282872,223643,161236,,428913,19112.0,76097,1705.0,54200,67356,62254,73095,53254,60549,161594,102853.0,88887,54160.0,146167,33302,173164.0,502711,321600.0,249871,199553.0,374379,360066.0,273068,515674,58945.0
2021-11-14,282790,223285,161059,,419376,19946.0,76201,1708.0,54317,67304,60728,72893,53223,59050,161662,98894.0,86596,53997.0,146571,33445,173381.0,502493,320925.0,256479,199401.0,373374,358635.0,271559,515449,60489.0
2021-11-15,282669,224504,161315,,408668,21440.0,76213,1703.0,54485,67243,60327,73812,53077,58903,154470,94290.0,87170,53169.0,139682,33736,173645.0,502766,320790.0,259441,199258.0,373023,357169.0,270456,515236,61058.0
2021-11-16,282579,224137,161278,,411915,21695.0,76274,1715.0,54586,67443,60027,73952,53287,58677,151774,93362.0,86846,52385.0,137268,33784,173855.0,501776,320667.0,258916,200915.0,373788,357876.0,268976,515036,61160.0
2021-11-17,282546,223847,161697,,413470,21812.0,76296,1719.0,54607,67640,60234,73971,53415,58662,151824,94236.0,88416,53856.0,137717,33793,174042.0,504139,319939.0,261617,201686.0,373198,363478.0,268538,514803,61719.0
2021-11-18,282491,223818,161709,,417303,21861.0,76315,1727.0,54662,67602,60242,74029,53496,58719,151902,94580.0,90027,53261.0,138185,33807,174249.0,502829,320660.0,260767,201514.0,376172,371077.0,267290,514475,62441.0
2021-11-19,282324,224346,161716,,421637,22074.0,76370,1732.0,54695,67556,60739,74040,53528,59129,151927,94935.0,91546,52809.0,138639,33848,174543.0,501856,321049.0,260091,201354.0,376062,373738.0,265842,514115,63325.0
2021-11-20,282227,224535,161717,,424076,22124.0,76392,1738.0,54729,67501,60864,74037,53649,59059,151938,95269.0,92225,52388.0,139017,33842,174741.0,502031,320984.0,259487,201064.0,375323,371941.0,264870,513790,64055.0
2021-11-21,282138,224299,161719,,424401,22157.0,76410,1738.0,54745,67431,60919,74074,53802,58919,151936,95929.0,92851,52065.0,139867,33834,175034.0,501843,321101.0,265371,202624.0,374279,372966.0,263871,513517,65507.0
2021-11-22,282037,222001,161271,,419018,22216.0,76409,1736.0,54786,67373,60212,73315,53831,58028,151924,96537.0,93353,52196.0,140523,33839,175190.0,503314,320514.0,265686,203131.0,373261,375142.0,262675,513072,66462.0
2021-11-23,282957,223756,161468,,414298,22254.0,76440,1742.0,54839,67319,59275,72966,53858,57234,151913,97115.0,93439,52529.0,141180,33849,175199.0,505712,320414.0,264943,202722.0,373312,375298.0,265610,512624,68449.0
2021-11-24,283214,221823,161501,,412367,22531.0,76406,1738.0,54832,67457,58293,72678,53898,56152,152378,97695.0,93475,52196.0,142056,33855,175254.0,504188,320466.0,264077,202433.0,373073,373350.0,266137,512216,70746.0
2021-11-25,283183,219548,162720,,424367,23451.0,76371,1735.0,54770,67460,56888,73636,53445,54301,150065,95535.0,92464,53525.0,139942,34066,175569.0,503429,319959.0,263425,202088.0,372312,371943.0,264968,511825,72615.0
2021-11-26,283333,223601,164067,,428309,23982.0,76461,1740.0,54854,67451,56036,73386,53386,54463,150077,91468.0,91620,53397.0,142773,34123,176084.0,508385,319786.0,262860,201746.0,372219,370883.0,263656,511483,73822.0
2021-11-27,283283,227005,162895,,418923,24058.0,76414,1746.0,55017,67401,57971,72651,53613,55725,148433,88776.0,95088,53338.0,139419,34126,176360.0,508509,319432.0,262343,201357.0,371356,369682.0,262416,511111,74430.0
2021-11-28,283292,229681,163043,,415159,24117.0,76441,1776.0,55050,67344,57586,73833,53654,55456,148457,89372.0,95082,53237.0,139456,34210,176465.0,507516,318955.0,261680,200979.0,370368,369931.0,261676,510732,75606.0
2021-11-29,283384,231396,162854,,410177,24174.0,76513,1798.0,55109,67298,57174,73902,53750,54985,148525,90704.0,95160,53223.0,139562,34304,176874.0,506235,322335.0,260960,200644.0,378480,371177.0,260384,510298,76416.0
2021-11-30,283457,230628,162604,,401993,24666.0,76509,1798.0,55060,67237,56574,73689,53678,54808,145093,88886.0,94114,53104.0,136481,34356,177865.0,505103,325728.0,260684,200332.0,383139,370555.0,259339,510014,76770.0
2021-12-01,283538,229716,163376,,397088,24858.0,76474,1801.0,55077,67191,56553,73839,53597,55092,141608,88854.0,93989,53008.0,132985,34354,177707.0,505098,327012.0,260985,200208.0,386265,369383.0,259771,509720,77233.0
2021-12-02,283493,229556,164922,,396267,25102.0,76552,1805.0,55077,67124,57451,73872,53826,54980,141471,90309.0,94655,53094.0,132891,34471,177509.0,503919,330036.0,260403,199931.0,384701,374720.0,258775,509353,79545.0
2021-12-03,282457,231320,167307,,392297,25197.0,76419,1805.0,54921,66705,58010,73913,53543,56928,143793,89411.0,94126,52991.0,132094,34465,177471.0,502902,333775.0,260790,199602.0,383477,380300.0,257650,508936,80176.0
2021-12-04,281493,230468,167085,,392247,25247.0,76431,1808.0,55167,66358,58781,73856,53655,57738,144586,89491.0,93477,52928.0,132534,34436,177525.0,504433,336144.0,260117,199325.0,382857,379923.0,256557,508598,80482.0
2021-12-05,280890,229727,167267,,396437,25369.0,76488,1818.0,55139,66137,58802,73844,53524,57683,144353,89451.0,93464,53768.0,132408,34442,177669.0,503451,335848.0,260954,199099.0,382340,378555.0,255536,508248,80543.0
2021-12-06,280631,231296,169130,,402353,25487.0,76432,1824.0,55161,66037,58608,74106,53407,59460,144095,89392.0,93382,53746.0,132251,34460,177890.0,504138,334728.0,260137,198777.0,381860,379062.0,254629,507929,80200.0
2021-12-07,280284,231021,169480,,401722,25551.0,76500,1828.0,55207,65892,58539,74090,53445,59354,143733,89266.0,93346,53738.0,132063,34456,178122.0,503042,333948.0,259968,198461.0,381131,379669.0,253590,507575,81255.0
2021-12-08,280088,230771,169524,,402869,25668.0,76465,1926.0,55205,66050,58554,74094,53480,59349,143468,89201.0,93438,53708.0,131938,34461,178166.0,501973,332727.0,259359,198108.0,380245,378536.0,252594,507182,81767.0
2021-12-09,279678,230125,169535,,399338,26086.0,76386,1950.0,55214,66737,58496,73635,53661,59411,140848,87403.0,92849,53697.0,129494,34460,178161.0,504078,331555.0,258778,197818.0,379155,377328.0,251655,506756,82113.0
2021-12-10,279366,229665,169670,,398510,26208.0,76502,1949.0,55157,67369,58566,73435,53029,59290,140093,87674.0,92893,53586.0,128979,34708,178345.0,503141,330485.0,258206,197502.0,378237,376388.0,250791,506406,82169.0
2021-12-11,279354,229682,170051,,399014,26241.0,76465,1946.0,55106,67566,58357,73334,52898,59419,139464,87407.0,92736,53621.0,128596,58961,178400.0,504868,329402.0,257706,197221.0,377284,375942.0,249923,506079,82149.0
2021-12-12,279463,229594,169845,,397021,26282.0,76479,1944.0,55163,67544,58257,73250,52192,59328,138846,87123.0,92442,53587.0,128238,55616,178585.0,503631,328322.0,257145,196916.0,376286,375661.0,249091,505774,81964.0
2021-12-13,279585,229422,169289,,390811,26314.0,76510,1945.0,55120,67530,58117,73155,52074,59289,138468,86847.0,92492,53547.0,127963,51702,178650.0,504181,327336.0,257248,196558.0,375346,375595.0,248289,505386,81684.0
2021-12-14,279662,229985,170384,,392308,26342.0,76524,1940.0,55351,67499,58717,73079,52258,59985,140020,87604.0,92881,53563.0,129674,50938,178712.0,503428,326536.0,257060,196207.0,374431,379908.0,247384,504949,81390.0
2021-12-15,279843,230140,170666,,390813,26359.0,76662,1946.0,55506,67473,58694,73010,51842,60399,139666,87394.0,92727,53559.0,129440,49706,178827.0,504780,325651.0,258681,195935.0,373494,379399.0,246687,504555,81056.0
2021-12-16,279940,229909,170656,,391061,26386.0,76713,1943.0,55546,67458,58602,72946,51603,60359,139292,87267.0,92535,54148.0,129215,49472,178893.0,508083,324746.0,260358,195994.0,372594,390334.0,245835,504171,80846.0
2021-12-17,279933,229516,170598,,389966,26391.0,76683,1950.0,55526,67438,58471,72863,52233,60265,140065,87735.0,92723,54097.0,130320,48057,179021.0,508918,323919.0,259338,195945.0,371739,392750.0,245156,503795,80571.0
2021-12-18,279916,229088,170352,,386886,26400.0,76740,1949.0,55708,67410,58324,72777,52561,60224,139769,88368.0,92450,54025.0,130143,46584,179101.0,507978,323184.0,258611,195956.0,370946,394556.0,244462,503409,80301.0
2021-12-19,279864,228759,170194,,384271,26412.0,76705,1951.0,55933,67392,58157,72708,52552,60270,140264,89332.0,92135,53986.0,130928,46385,179187.0,507102,322369.0,258307,196214.0,370210,398385.0,243715,502991,80063.0
2021-12-20,279917,228705,170515,,389709,26459.0,76751,1951.0,55945,67379,58120,72622,52540,60489,139479,89240.0,91632,53960.0,130425,45573,179196.0,506169,321580.0,258398,196253.0,369393,400601.0,242927,502566,79737.0
2021-12-21,280052,228529,171513,,391358,26523.0,76735,1952.0,55911,67352,58021,72708,52727,60514,144536,89051.0,91327,53950.0,135623,44045,179286.0,507437,320898.0,258207,195964.0,368454,402022.0,242231,502167,79734.0
2021-12-22,280232,228391,171837,,405969,26567.0,76804,1968.0,55888,67337,57934,72906,52777,60582,144487,88860.0,91193,53904.0,135958,43487,179751.0,510318,320169.0,257479,195665.0,367732,406401.0,241491,501750,79593.0
2021-12-23,280235,227910,171490,,400979,26580.0,76771,1967.0,55853,67299,57717,73058,52393,60495,143202,88279.0,90714,53840.0,134977,43166,180118.0,509859,319431.0,256826,195330.0,367520,404794.0,240820,501290,80524.0
2021-12-24,280192,227424,171276,,396302,26594.0,76824,1973.0,55875,67257,57662,73254,52148,60387,141776,87718.0,90270,53781.0,133899,42211,180339.0,508912,318897.0,256480,195027.0,367019,407478.0,240145,500830,81107.0
2021-12-25,280136,227158,171082,,394069,26604.0,76790,1973.0,55859,67321,57566,73315,51789,60257,140705,87479.0,90108,53724.0,133383,41087,180440.0,507889,318879.0,257662,195192.0,366324,406174.0,239508,500438,81040.0
2021-12-26,280167,226831,170831,,392218,26919.0,76782,1978.0,55840,67324,57470,73249,51738,60176,140461,87253.0,89995,53683.0,133162,40993,180618.0,507200,318617.0,258477,195041.0,365632,404684.0,238869,500079,81432.0
2021-12-27,280282,226643,170660,,390759,27037.0,76835,1988.0,55897,67318,57441,73251,52133,60016,140112,87014.0,89702,53668.0,132842,40946,180673.0,506403,318174.0,257886,194737.0,364906,403177.0,238094,499640,81503.0
2021-12-28,280210,226385,171215,,387937,27073.0,76783,2109.0,55843,67291,57275,73227,52480,59922,140416,86736.0,89714,53679.0,133232,40640,180835.0,506734,318792.0,257199,194475.0,364192,401706.0,237435,499133,81671.0
2021-12-29,280193,225522,171785,,384738,27102.0,76819,2197.0,55870,67278,56758,73041,52402,59486,138936,85792.0,89131,53712.0,131905,40551,180955.0,507944,318935.0,258808,194193.0,363485,400539.0,236828,498698,82005.0
2021-12-30,280146,225483,171818,,386053,27120.0,76790,2212.0,55826,67264,56686,73149,52221,59541,138595,85396.0,89106,53693.0,131538,67570,181063.0,507214,319356.0,258819,193933.0,362814,401203.0,236253,498305,82383.0
2021-12-31,280146,226181,171692,,385222,27118.0,76861,2234.0,55791,67254,56456,73327,51993,59398,138154,85117.0,88101,53689.0,131118,79605,181115.0,506530,318673.0,258443,193725.0,362411,400916.0,235831,497988,82446.0
2022-01-01,280210,226916,171608,,384987,27137.0,76822,2228.0,55753,67257,56354,73510,51853,59352,137891,84893.0,87936,53619.0,130890,73344,181124.0,505775,319209.0,257960,193483.0,361830,400307.0,235339,497563,82201.0
2022-01-02,280214,226886,171668,,382555,27152.0,76780,2228.0,55725,67239,56223,73707,51773,59285,137597,84707.0,87750,53556.0,130684,68253,181089.0,505028,318438.0,257329,193170.0,361111,399130.0,234675,497111,81993.0
2022-01-03,280221,227067,171424,,380416,28211.0,76849,2238.0,55783,67223,56119,73754,51811,59215,137248,84474.0,87494,53494.0,130387,63263,181030.0,509629,317511.0,256807,192814.0,360252,400845.0,233857,496560,81725.0
2022-01-04,280188,227007,171478,,380991,29278.0,76837,2246.0,55728,67215,56007,73714,51903,59130,136864,84292.0,87211,53438.0,130101,59022,181000.0,508045,316633.0,256085,192576.0,359453,414723.0,233020,496080,81425.0
2022-01-05,280326,227003,171513,,379721,29899.0,76761,2283.0,55690,67208,55897,73669,51978,59010,136404,83907.0,86716,53445.0,129623,55083,180970.0,508236,316178.0,255640,195933.0,358685,418742.0,232244,495603,81329.0
2022-01-06,280901,227162,171408,,378972,30148.0,76740,2290.0,55770,67207,55772,73613,51951,58986,135891,83593.0,86041,53416.0,129139,52092,181036.0,507463,315680.0,255167,208344.0,358051,417910.0,231658,495197,81307.0
2022-01-07,281315,227120,171429,,386614,30207.0,76794,2284.0,55743,67186,55673,73619,52079,58844,134363,82358.0,85682,53345.0,127592,50099,181068.0,506558,315562.0,255144,211098.0,357484,418574.0,231048,494761,81094.0
2022-01-08,281600,227102,171321,,386836,30251.0,76834,2284.0,55690,67153,55516,73521,52126,58727,133679,81889.0,85217,53286.0,126888,48496,181028.0,506127,315552.0,255304,211763.0,356831,419479.0,230444,494385,80895.0
2022-01-09,281710,227150,171199,,391468,30248.0,76833,2273.0,55632,67115,55455,73463,51837,58577,130472,80497.0,84842,53226.0,123946,47454,181161.0,505409,315443.0,254822,211754.0,356104,421489.0,229707,493979,80674.0
2022-01-10,281798,226977,171553,,395773,30229.0,76797,2277.0,55583,67082,55366,73410,52027,58476,133844,80183.0,84481,53277.0,127249,46477,181203.0,506183,314529.0,254944,211806.0,355252,420923.0,228903,493585,80391.0
2022-01-11,281801,226805,171619,,396611,30308.0,76858,2289.0,55676,67045,55346,73351,52381,58402,135382,79990.0,84284,53255.0,128844,45872,181410.0,504910,314321.0,254222,211441.0,354484,421737.0,228823,493139,80100.0
2022-01-12,281751,226602,171446,,397893,30339.0,76813,2282.0,55632,67021,55248,73325,52265,58286,136531,79789.0,84090,53224.0,130301,45113,181636.0,504122,314810.0,253536,210873.0,353776,420496.0,228918,492711,79896.0
2022-01-13,281747,226565,171168,,397558,30384.0,76813,2283.0,55686,66988,55087,73234,52146,58109,137902,79224.0,83658,53277.0,131613,44639,181912.0,503437,314002.0,252871,210394.0,353157,419037.0,228209,492345,79703.0
2022-01-14,281934,226857,171567,,404101,30728.0,76806,2287.0,55669,66978,55047,73201,52096,57912,144178,79846.0,83544,53317.0,138786,44005,182004.0,503423,313355.0,252349,209880.0,356454,418012.0,227612,491946,79490.0
2022-01-15,282003,227131,171747,,403336,30822.0,76760,2289.0,55638,66942,54971,73139,52022,57810,144362,79300.0,83680,53293.0,139063,43590,182133.0,509121,312673.0,251835,209474.0,355640,424729.0,226906,491669,79306.0
2022-01-16,281998,227221,171905,,404001,30872.0,76827,2287.0,55689,66902,54903,73068,52089,57760,144748,80932.0,84049,53394.0,139526,43214,182176.0,508927,312148.0,251253,208984.0,354627,426457.0,226216,491312,79079.0
2022-01-17,282220,227167,172151,,401255,31544.0,76825,2293.0,55667,66942,54843,73008,52076,57649,144259,79964.0,83701,53398.0,138945,42994,182231.0,507528,312212.0,250720,208555.0,354252,425834.0,225442,490924,78799.0
2022-01-18,282318,227554,172409,,401971,31654.0,76936,2299.0,55725,66957,55740,72951,52351,58426,144309,79816.0,84110,53416.0,138928,42834,182298.0,506604,311474.0,250236,208168.0,353510,437819.0,224740,490590,78617.0
2022-01-19,282455,228550,172546,,415272,31720.0,76893,2297.0,55749,66937,55597,73249,52306,58304,148926,79314.0,84130,53455.0,144363,42714,182311.0,506386,310824.0,249785,207877.0,358613,436185.0,224017,490315,78434.0
2022-01-20,282721,228925,172592,,421588,31743.0,76898,2297.0,55738,66931,56321,73131,52200,58594,149547,79025.0,83957,54606.0,144728,42550,182425.0,507628,310157.0,249525,207594.0,359451,434735.0,223467,490177,78207.0
2022-01-21,282718,228789,172598,,419536,31771.0,76924,2297.0,55794,66926,56124,72932,52195,58478,149350,78530.0,83668,56212.0,144431,42248,182511.0,506250,309533.0,249150,207404.0,358407,434254.0,222821,490086,78008.0
2022-01-22,282851,228677,172738,,416605,31793.0,76885,2301.0,55758,67164,55773,72714,52050,58188,148626,77605.0,83328,56156.0,143629,42120,182669.0,509428,308966.0,248774,207190.0,357607,460512.0,222224,490051,77863.0
2022-01-23,283018,228537,172801,,415326,31807.0,76975,2304.0,55744,67226,55489,72528,51907,58053,149330,77069.0,83109,56653.0,144409,41990,182707.0,508140,314091.0,249161,206938.0,356767,458436.0,227163,489932,77664.0
2022-01-24,283511,228626,172887,,414699,31853.0,77251,2306.0,55710,67247,55333,72419,51837,57980,149594,76503.0,82893,56717.0,144609,41881,182826.0,507864,314396.0,252256,207085.0,355997,462897.0,229845,489882,77484.0
2022-01-25,283647,228424,172826,,416483,32129.0,77350,2310.0,55696,67291,55730,72322,51942,57745,150312,75721.0,82448,56870.0,146190,41887,183172.0,507316,313751.0,252656,207249.0,357075,474409.0,229352,489815,77283.0
2022-01-26,283807,228444,172674,,417912,32190.0,77315,2325.0,55659,67353,55648,72274,51880,57677,149908,75368.0,82343,56828.0,148012,41911,183435.0,506261,312914.0,252477,209171.0,358632,470756.0,228407,489637,77053.0
2022-01-27,284071,228672,172599,,419657,32411.0,77368,2327.0,55853,68016,55753,72209,51951,58003,147375,74679.0,82492,56836.0,148851,43197,184118.0,507242,312475.0,252213,210878.0,359413,494645.0,227405,489694,76837.0
2022-01-28,284134,228410,172483,,414182,32493.0,77315,2328.0,55764,69384,55363,72094,51967,57738,143396,73366.0,82009,56762.0,145285,43325,184266.0,507230,311873.0,251661,211812.0,358953,500744.0,226568,489634,76611.0
2022-01-29,284220,228132,172676,,413434,32524.0,77283,2381.0,55708,70392,56150,72519,52167,59782,141221,73311.0,81679,56736.0,143492,43297,184462.0,516279,311313.0,251387,214925.0,358170,500304.0,225754,489495,76387.0
2022-01-30,284277,227687,172248,,410369,32620.0,77330,2384.0,55740,70378,55965,72430,52005,59594,139016,71610.0,81021,56710.0,141576,43275,184586.0,520705,310662.0,252932,215467.0,357332,500036.0,224886,489328,76183.0
2022-01-31,284384,227171,172353,,413311,32751.0,77359,2377.0,55711,70350,55628,72274,52665,59454,135344,68675.0,80481,56652.0,138149,43274,184463.0,520120,309910.0,252480,215386.0,356505,501098.0,224025,489073,75953.0
2022-02-01,284518,227652,172462,,412324,32754.0,77389,2378.0,55845,70335,56494,72604,52563,59898,126899,69343.0,80606,56578.0,129851,43308,186164.0,518417,309136.0,251859,215323.0,360987,500816.0,223207,488834,75946.0
2022-02-02,284458,228248,172481,,421443,32959.0,77406,2381.0,55987,70303,56335,72516,52616,59564,125160,67931.0,79994,56542.0,130235,43283,186197.0,516719,308430.0,251294,215047.0,359734,500514.0,222470,488632,75830.0
2022-02-03,284422,228019,172256,,431026,32999.0,77476,2383.0,55983,70274,57266,73285,52627,59460,123897,70791.0,79675,56528.0,131900,43263,186168.0,516112,307782.0,250776,214751.0,358696,498326.0,221770,488506,75627.0
2022-02-04,284582,227884,172348,,430633,33026.0,77438,2392.0,56083,70236,57088,73383,52542,59343,121125,69310.0,79000,56535.0,129154,43237,186288.0,515441,307070.0,250328,214921.0,357826,496341.0,221059,488350,75477.0
2022-02-05,284673,227460,172502,,429315,33042.0,77409,2391.0,56043,70187,56913,73263,52453,59250,117453,67989.0,78424,56514.0,125477,43209,186475.0,514699,306454.0,249837,214987.0,356946,495884.0,220448,488170,75287.0
2022-02-06,284797,227787,172251,,425869,33052.0,77656,2400.0,56143,70145,56736,73159,52329,59113,114629,68633.0,77826,56495.0,123773,43182,186505.0,514086,306003.0,249379,214737.0,356160,500883.0,219772,487974,75044.0
2022-02-07,285238,227536,172019,,427407,33246.0,77887,2404.0,56137,70127,56589,73057,52194,58994,112452,67271.0,77257,56437.0,121579,43182,,513419,305418.0,248816,214557.0,358457,520893.0,219078,487781,74844.0
2022-02-08,285625,227636,172546,,430607,33354.0,77845,2425.0,56103,70149,56528,72937,52070,58969,109337,66707.0,76562,56447.0,120510,43169,,514598,304785.0,248373,214556.0,360496,521656.0,218237,487546,75239.0
2022-02-09,285656,226944,172480,,432007,33410.0,77852,2418.0,56276,70136,56410,72813,51959,59071,107263,65577.0,76009,56463.0,118435,43114,,519861,304096.0,247892,214580.0,359331,519626.0,217512,487219,75546.0
2022-02-10,285733,227068,172519,,438476,33474.0,77877,2417.0,56273,70104,56576,72699,52324,59023,104889,64088.0,75787,56422.0,116366,43061,,521747,303474.0,247383,214322.0,358296,517276.0,216808,486922,76860.0
2022-02-11,285794,227662,172560,,439806,33579.0,78503,2418.0,56964,70077,57274,73323,53848,59289,103960,63671.0,76194,56369.0,116621,43034,188498.0,521075,303060.0,246966,214293.0,357423,515446.0,216297,486635,78625.0
2022-02-12,286084,227800,172583,,439857,33661.0,78874,2433.0,57378,70107,57917,73592,55142,59627,103156,63612.0,76208,56615.0,116983,43033,188519.0,527336,303476.0,246663,230803.0,356593,513699.0,215829,486299,80657.0
2022-02-13,287357,227398,172704,,440713,33773.0,79021,2453.0,57526,70126,58050,73461,55791,59718,101430,63322.0,75739,56652.0,116546,43070,188615.0,529373,304899.0,246984,246830.0,359927,512236.0,215396,486003,84009.0
2022-02-14,287978,229116,172709,,440170,34025.0,79107,2465.0,57662,70160,58115,73404,56369,59782,100265,62712.0,75505,56645.0,115702,43113,188852.0,538097,308910.0,247338,251477.0,371564,510865.0,214925,485696,89166.0
2022-02-15,288589,230338,172697,,440185,34161.0,79333,2473.0,57792,70168,58417,73625,56734,59848,99254,61908.0,75226,56692.0,114684,43143,188988.0,540203,310716.0,247931,259926.0,374822,509325.0,214497,485357,92427.0
2022-02-16,289177,231659,172605,,439709,34239.0,79554,2475.0,57999,70226,58574,73704,56979,59942,98090,60989.0,74772,56695.0,113514,43153,188949.0,545023,310750.0,247846,258918.0,375522,507950.0,213894,484993,95744.0
2022-02-17,289458,231499,172812,,438143,34294.0,79572,2539.0,57955,70224,58561,73564,56943,59876,96901,61031.0,74193,56644.0,112509,43176,189055.0,543914,311179.0,251645,261621.0,374801,505889.0,213300,484597,97430.0
2022-02-18,290202,231541,174182,,435557,34463.0,79790,2647.0,58135,70322,58659,73678,57100,60429,94894,62818.0,73718,56659.0,112529,43209,189101.0,546662,313882.0,252905,268478.0,374608,505077.0,212786,484167,99541.0
2022-02-19,291015,231516,175237,,440659,34820.0,79937,2865.0,58199,70369,58367,73638,57185,60537,89727,62822.0,72960,56799.0,108301,43252,189155.0,548540,317576.0,255820,281411.0,374929,503970.0,212154,483777,103547.0
2022-02-20,291496,232768,176611,,442723,34891.0,79915,3004.0,58184,70380,58263,73573,58501,60588,88847,62967.0,72404,56710.0,108526,43268,189189.0,550818,321022.0,261324,286064.0,374790,502922.0,224893,483395,106952.0
2022-02-21,294201,236188,177741,,443818,35193.0,80147,3104.0,58668,70524,58236,73643,59607,60562,87915,62674.0,71805,56610.0,109610,43259,190189.0,552785,328324.0,265222,296839.0,376575,503284.0,225839,482875,105596.0
2022-02-22,297338,239606,178158,,449238,35734.0,80632,3277.0,59074,70851,58429,73814,60705,60613,87678,62603.0,71920,56760.0,110174,43303,190908.0,560260,339832.0,275860,314665.0,409977,510900.0,226015,482145,114780.0
2022-02-23,298503,241935,178444,,451286,36202.0,80835,3540.0,59201,70949,59857,73797,61127,60579,86952,62569.0,72696,56790.0,108831,43396,192690.0,566251,348168.0,285920,323072.0,420906,514658.0,225081,498973,117060.0
2022-02-24,336913,258509,185490,,458723,230325.0,113460,5198.0,89616,76598,62393,74759,61288,60866,87052,63779.0,73172,56617.0,108287,48785,233180.0,711785,543662.0,398126,483992.0,495708,572224.0,225937,722085,155044.0
2022-02-25,360890,271779,187958,,459581,350219.0,113702,6160.0,89744,80370,64242,77140,61516,61213,87030,66226.0,73480,56689.0,107441,51289,296538.0,835949,676713.0,506539,587579.0,584634,638716.0,234516,792985,193018.0
2022-02-26,384057,276361,191715,,463506,402703.0,113511,8122.0,87555,81812,64180,77548,61972,61395,86550,66588.0,73856,56542.0,106874,53669,359302.0,936537,774628.0,574806,676024.0,648910,697454.0,238416,866703,210895.0
2022-02-27,400618,280500,195892,,463395,431451.0,113326,9414.0,85363,84389,63705,78826,61977,61221,85895,66526.0,74282,56226.0,106396,54883,422054.0,1013746,845395.0,618323,751616.0,692495,747730.0,239289,935462,218897.0
2022-02-28,405725,283286,198329,1.0,465933,441399.0,107969,10249.0,83423,84279,64014,80046,62597,61265,85088,66058.0,74509,55945.0,105613,55612,494193.0,1064663,877896.0,645228,789537.0,718818,772695.0,240506,970431,223911.0
2022-03-01,407612,286045,199725,,464362,441727.0,106455,12259.0,82872,84685,65000,81675,62623,61092,84199,65560.0,74566,55673.0,104767,56469,566592.0,1092812,905033.0,662419,810938.0,741467,793953.0,241396,1005509,242240.0
2022-03-02,414523,294164,200605,50352.0,462757,439806.0,105943,16010.0,83006,84559,64755,82565,62737,60959,83206,65107.0,73885,54785.0,103843,53046,612043.0,1115892,926978.0,675626,821204.0,759893,809494.0,241440,1038628,258231.0
2022-03-03,415601,297839,204572,64011.0,462707,437307.0,106638,17129.0,83473,84795,64904,83607,63011,60816,82575,64953.0,73537,54386.0,103427,52715,645693.0,1138430,939599.0,682139,823369.0,769795,819638.0,241365,1054149,267713.0
2022-03-04,414191,297816,205883,73843.0,464204,436050.0,107239,18611.0,83443,84711,64818,83793,63112,60563,81756,64501.0,72969,54275.0,100483,52465,659299.0,1151638,949171.0,689438,824691.0,772256,,241092,1065095,275109.0
2022-03-05,423047,298503,206679,78939.0,463218,435675.0,107831,21124.0,82664,85936,64721,83924,63130,60494,80909,63686.0,72598,54055.0,99571,52363,679845.0,1165837,955954.0,695332,826389.0,770947,,240769,1073358,304284.0
2022-03-06,428485,300523,208575,83597.0,462206,435114.0,108394,22176.0,82123,86830,65181,84184,63157,61071,80037,63381.0,72733,53991.0,99232,52308,712057.0,1173423,962712.0,699804,829196.0,769381,,240192,1094165,333707.0
2022-03-07,438190,303592,209093,87724.0,460737,432681.0,108359,22537.0,81354,87288,65420,84160,63143,60931,79215,63124.0,72497,53843.0,98808,52323,739448.0,1179464,967228.0,703155,831643.0,768223,,239636,1100714,351274.0
2022-03-08,439924,304718,209728,90936.0,459319,431071.0,108330,22868.0,80938,87363,65417,84036,63338,61028,78116,62798.0,72281,53893.0,98357,52248,750369.0,1183779,969777.0,705117,832159.0,766647,,239054,1102704,358928.0
2022-03-09,441664,304949,210475,97237.0,461295,429200.0,107673,26369.0,80408,87342,65282,83909,63287,60795,76789,62408.0,72102,53739.0,97819,52184,764532.0,1184665,972229.0,706595,833863.0,768988,,238334,1103259,359385.0
2022-03-10,443437,305405,210661,100413.0,463636,427555.0,107577,26981.0,80383,87873,65233,83711,64681,60519,76087,62116.0,71844,53661.0,97806,52041,775956.0,1186574,973290.0,708784,833811.0,767264,,237558,1103467,357477.0
2022-03-11,444994,306030,211076,106986.0,467622,427437.0,108776,27153.0,79745,89090,65379,83641,64846,61822,75631,61913.0,71824,53755.0,97687,51978,784038.0,1192070,975832.0,712301,833304.0,767660,,237496,1110840,360264.0
2022-03-12,450090,306928,217311,120134.0,475410,426737.0,111823,27498.0,80595,89383,65487,83681,65087,61980,75134,61716.0,72331,53761.0,97407,51850,793544.0,1195509,977908.0,714587,834077.0,768256,,237194,1136310,372313.0
2022-03-13,450658,308290,224066,126626.0,474468,426234.0,113912,27698.0,80893,89340,65539,83616,65435,61800,74701,61661.0,72133,53691.0,97085,51824,808346.0,1203764,981857.0,718003,835170.0,771136,,325267,1145801,385394.0
2022-03-14,451559,310232,232627,130498.0,472360,426027.0,114787,27913.0,80946,88860,65982,84157,65361,62466,75241,62434.0,72185,53633.0,97798,51754,823318.0,1206774,985493.0,719760,834853.0,788279,902604.0,376126,1157992,407527.0
2022-03-15,451791,316223,246882,133124.0,469019,425538.0,117413,28027.0,82243,88429,67353,86069,65425,64218,77014,64452.0,71989,53481.0,100015,51667,839668.0,1210075,987097.0,721050,834491.0,801826,906600.0,386037,1163015,416862.0
2022-03-16,450300,320335,258999,135774.0,481768,425594.0,119375,28049.0,84761,88140,68747,87905,65269,65952,79249,66288.0,71863,53345.0,102053,51571,852315.0,1214311,988845.0,723409,834343.0,812543,906639.0,422696,1166505,436507.0
2022-03-17,451113,322181,261329,140407.0,484553,429715.0,119364,28249.0,85783,88093,70240,89767,66132,67680,79858,66159.0,71638,53618.0,101525,51459,862832.0,1215616,989777.0,725063,839815.0,810658,966830.0,446515,1168991,443579.0
2022-03-18,451265,323153,263243,148077.0,482474,428416.0,120318,28375.0,85896,87958,70688,90033,67542,67766,78007,66063.0,71508,53505.0,99639,51413,876560.0,1215562,991105.0,725771,846543.0,812713,1001466.0,456653,1170032,450810.0
2022-03-19,450875,323263,265847,154280.0,481908,427472.0,121098,29197.0,85712,87619,71510,90108,69434,67468,78047,65984.0,71447,53609.0,99418,51438,888874.0,1217420,991018.0,726094,852232.0,812128,1001047.0,458260,1172314,452674.0
2022-03-20,453847,323922,269139,159390.0,481220,426511.0,122623,29552.0,85693,87489,72609,90606,71194,69402,77820,65816.0,71440,53483.0,99154,51414,899137.0,1218424,990413.0,728484,853918.0,811792,1002779.0,451765,1173163,450599.0
2022-03-21,455832,326831,272830,165047.0,480935,426392.0,122643,29566.0,86883,87559,76225,93435,73500,69381,79819,68244.0,73576,53453.0,101165,51376,913908.0,1219412,990540.0,728687,853149.0,812282,1005293.0,457426,1176184,454648.0
2022-03-22,454534,330474,276923,170375.0,480097,426020.0,125420,29693.0,89549,87431,77580,95028,75757,70319,80605,69261.0,74560,53148.0,101968,51221,926592.0,1219674,990302.0,729912,851703.0,812503,1006078.0,489968,1180475,453163.0
2022-03-23,454391,331364,278236,176642.0,479313,426145.0,125754,29822.0,90545,87259,78413,94973,75755,70059,80264,69144.0,74497,52892.0,101657,51168,933615.0,1246055,988848.0,729887,850581.0,811438,1005458.0,491874,1180699,449626.0
2022-03-24,458259,331713,278668,181911.0,478653,425143.0,127610,30478.0,90636,87092,78433,94840,75632,69892,79957,68971.0,74336,52744.0,101346,51019,955143.0,1247531,987747.0,730066,849148.0,810499,1006403.0,501102,1179554,458246.0
2022-03-25,472103,331665,278780,185120.0,480506,425477.0,128985,30925.0,90367,90608,79504,94730,75306,70626,79649,68939.0,74964,52637.0,101248,50956,966124.0,1250863,987219.0,730505,847788.0,810720,1008310.0,509369,1179767,468662.0
2022-03-26,475418,331219,278158,189562.0,483615,426133.0,129282,31583.0,90541,91846,80922,94632,75059,71926,79158,69125.0,75995,52524.0,101376,50896,980936.0,1255766,988556.0,732259,850715.0,813319,1008588.0,515071,1182295,472745.0
2022-03-27,480746,332738,277890,194374.0,485834,426924.0,130681,32944.0,90999,91924,80847,95015,74844,74015,78782,69030.0,75901,52462.0,101139,50791,992027.0,1259742,996657.0,733763,850092.0,818857,1008510.0,532111,1187399,487078.0
2022-03-28,488512,333219,278684,202159.0,484616,425430.0,131101,33262.0,91604,91642,80975,95637,75543,74470,79034,68954.0,75820,52406.0,100971,51041,995615.0,1263748,995431.0,733653,848250.0,819051,1006702.0,561932,1187803,511006.0
2022-03-29,494851,333673,283479,210936.0,484160,424047.0,131340,33914.0,91846,91736,81239,95289,75458,74472,78853,68870.0,75724,52359.0,100780,50948,1010513.0,1270153,995149.0,735391,846977.0,825469,1006047.0,599053,1188431,539573.0
2022-03-30,494634,333908,283581,217719.0,483697,422393.0,131928,34015.0,92039,91399,81307,94490,75250,74337,78585,68788.0,75598,52262.0,100578,50877,1028742.0,1274637,994214.0,735054,854624.0,824514,1004350.0,616944,1188070,541878.0
2022-03-31,502913,336367,288443,227955.0,488623,420610.0,135134,36485.0,94379,91572,87702,99124,76915,74194,80313,70847.0,75819,,102391,50768,1045152.0,1278117,992617.0,735396,854638.0,834886,1002939.0,624937,1187679,553534.0
2022-04-01,505220,336854,288607,231284.0,487348,419057.0,135202,41225.0,94982,91338,87801,98313,75766,74205,80002,70757.0,75724,,102262,50499,1051601.0,1281161,991191.0,735863,853683.0,844341,1001758.0,641165,1186192,550341.0
2022-04-02,504008,338151,290160,237111.0,487289,418107.0,137231,45965.0,95302,90999,87985,98821,76016,74108,81226,70685.0,75675,,102046,50198,1063975.0,1287371,992290.0,736748,853088.0,843189,1001111.0,644164,1185881,544024.0
2022-04-03,504725,338831,290783,246538.0,486001,416976.0,138803,58186.0,95282,90335,88870,97993,75235,74099,81179,70623.0,75602,51566.0,102122,49903,1091814.0,1299996,992596.0,739478,852609.0,847292,1006309.0,638283,1187432,538264.0
2022-04-04,505388,342722,292369,254165.0,484577,414065.0,138715,106310.0,95123,90025,91525,97254,74712,74010,80909,70519.0,75447,51529.0,102700,49459,1106035.0,1308998,991863.0,739794,856571.0,848622,1005949.0,653629,1187126,539774.0
2022-04-05,504650,346837,293402,263595.0,496541,411318.0,141028,113539.0,95186,89458,92902,97506,74914,73863,80830,70498.0,76496,51405.0,102527,49126,1118212.0,1313349,991161.0,739641,856409.0,862576,1004943.0,659556,1186111,547401.0
2022-04-06,505021,348161,295024,272302.0,503227,409485.0,143100,117413.0,96175,89113,92890,96656,76210,73714,83077,72537.0,77693,51367.0,103648,48734,1131435.0,1316118,989698.0,746057,854876.0,862832,1003561.0,655042,1184578,556550.0
2022-04-07,504512,347495,296392,277033.0,507692,409793.0,145017,118321.0,96980,89878,92959,95544,77526,73623,85365,74319.0,78645,51602.0,104525,48387,1140034.0,1317695,987660.0,769645,854005.0,872521,1003350.0,664582,1183061,552028.0
2022-04-08,506272,347043,296298,281528.0,513012,411324.0,146531,118717.0,97668,90102,93096,94867,78142,73420,85448,76364.0,80337,51778.0,105528,47997,1152020.0,1321143,,778783,853010.0,877026,1002523.0,664686,1181711,547182.0
2022-04-09,507584,349476,297495,288434.0,521249,413409.0,147743,119233.0,97660,90206,93020,98027,79431,73906,85175,77302.0,80868,51708.0,105862,47743,1164541.0,1328214,,787310,864233.0,883839,1001132.0,662439,1179965,542325.0
2022-04-10,508696,349027,297705,294952.0,518599,415070.0,148164,119369.0,98332,90248,93113,99357,77752,74169,84963,76962.0,79362,51594.0,103814,47397,1210779.0,1332424,,792104,864186.0,882779,1009151.0,652774,1178228,537624.0
2022-04-11,513013,354326,298854,298794.0,522168,415908.0,148313,119485.0,98578,90310,94119,100713,78589,74114,85708,77379.0,79253,51443.0,104498,47123,1230512.0,1334619,,797153,862934.0,881218,1007944.0,646954,1176313,533811.0
2022-04-12,521696,358745,300955,303903.0,520431,416496.0,157708,119767.0,98518,90554,94078,101236,78820,73988,85498,77355.0,79159,51331.0,104311,46765,1242584.0,1337480,,831312,866030.0,887898,1006821.0,662661,1174569,530266.0
2022-04-13,526742,364834,304537,309636.0,521539,416700.0,166458,120822.0,100003,91912,95286,101247,79173,73922,85355,77285.0,78179,51269.0,103992,49543,1252232.0,1339958,1058489.0,848064,865157.0,896555,1013718.0,687356,1172691,526897.0
2022-04-14,530441,388080,306469,316093.0,519322,417282.0,169169,123804.0,101982,92182,97412,102076,78831,73788,85180,77264.0,77518,51137.0,103780,49591,1266965.0,1346465,1065188.0,877854,882816.0,908702,1017679.0,694770,1171314,524075.0
2022-04-15,532612,388706,308214,322689.0,521080,417935.0,172440,123344.0,104121,92409,99281,102735,80382,74086,84683,77039.0,76842,51038.0,104282,49372,1295051.0,1352569,1070997.0,880290,890217.0,921207,1023264.0,703330,1170603,540048.0
2022-04-16,533084,389061,313050,329272.0,520104,418922.0,172533,123368.0,105758,92468,101633,103471,82148,74084,84560,76993.0,76875,50965.0,104030,49136,1310566.0,1363432,1085647.0,890025,897253.0,926485,1022467.0,741558,1168980,557212.0
2022-04-17,534082,390057,313376,334135.0,520951,419846.0,174897,123257.0,110441,92466,103340,103071,81932,74346,84300,76924.0,76871,50887.0,103788,48973,1323637.0,1382086,1094530.0,898593,897082.0,935767,1026939.0,756805,1166818,565358.0
2022-04-18,534425,405137,316395,337197.0,531864,420450.0,176743,124398.0,113929,92388,103493,103388,81443,74244,83890,76816.0,77043,50766.0,103299,48908,1374742.0,1417768,1095412.0,917111,913462.0,942551,1031095.0,767148,1165434,626342.0
2022-04-19,534603,406839,319477,340376.0,533274,420313.0,178642,125183.0,114691,92378,103459,102970,81035,75160,83556,76702.0,77109,50898.0,102848,48757,1399964.0,1429936,1105739.0,921745,922159.0,955001,1033024.0,779629,1163149,640848.0
2022-04-20,534667,407281,321310,343464.0,531623,419078.0,178186,125147.0,116000,93125,105335,102487,80875,75471,83286,76582.0,77247,50766.0,102561,48584,1421354.0,1434725,1107857.0,919687,924905.0,958959,1031815.0,795609,1160589,636006.0
2022-04-21,535612,407014,322735,345698.0,530346,418139.0,177495,125589.0,115922,93386,105375,104061,80756,75407,83006,76485.0,77266,50637.0,102292,48499,1446927.0,1443775,1103710.0,918805,927771.0,965787,1030684.0,794491,1158192,670620.0
2022-04-22,535483,409394,323729,348037.0,528894,416904.0,177081,126054.0,115697,93427,105455,103638,80638,75565,82777,76381.0,77182,50519.0,101975,48378,1482648.0,1444249,1104525.0,925453,925748.0,972919,1028651.0,792925,1155590,663387.0
2022-04-23,535775,416208,324739,352156.0,533888,416354.0,179792,126351.0,115459,93385,105492,103023,82391,75600,85761,78312.0,77078,50400.0,104849,48254,1504623.0,1451471,1101890.0,926640,930841.0,987695,1034755.0,799552,1153857,707309.0
2022-04-24,538153,424484,327969,361003.0,534933,415912.0,184138,126483.0,115790,93300,105367,102512,85090,75539,85512,78261.0,77016,50286.0,104548,48144,1517465.0,1462682,1105944.0,929943,934881.0,990954,1035898.0,810633,1153422,709325.0
2022-04-25,539101,435783,331752,364340.0,541853,415320.0,183280,126611.0,115419,93159,105424,101856,87753,75359,84093,78024.0,76817,50148.0,102395,48078,1545561.0,1468104,1104470.0,930519,939141.0,991136,1036433.0,800287,1152889,701985.0
2022-04-26,539484,436589,346068,366620.0,543594,414646.0,183101,126876.0,115022,92985,105257,101154,87957,75267,83898,77774.0,76796,50151.0,101661,48011,1559820.0,1471394,1100471.0,938448,940521.0,1008515,1037376.0,793901,1150634,697608.0
2022-04-27,539157,436795,368719,368378.0,542874,413418.0,182875,127514.0,116617,92832,105379,100843,87933,77593,83608,77637.0,76718,50659.0,101296,47956,1575982.0,1472444,1117237.0,938575,946890.0,1008751,1040303.0,815186,1148085,702774.0
2022-04-28,539795,437147,369039,369939.0,540709,412456.0,182719,127780.0,117019,92638,105835,100803,87514,78194,83005,76908.0,76518,51184.0,100657,47891,1593803.0,1484408,1126560.0,1034256,946614.0,1005133,1041513.0,812067,1146397,702221.0
2022-04-29,540090,443169,372905,373637.0,543428,411504.0,182662,128343.0,118302,92483,106987,100691,87106,79594,82439,75816.0,76384,51368.0,100079,47811,1615502.0,1486326,1125772.0,1055514,956617.0,1012831,1045038.0,802958,1144350,702495.0
2022-04-30,540027,446361,376190,377426.0,546012,410675.0,182091,131049.0,118419,92404,107092,100206,86953,80472,82189,75832.0,76234,51286.0,99599,47721,1637931.0,1491000,1123062.0,1048850,958406.0,1018391,1045043.0,796871,1142644,697313.0
2022-05-01,540152,448016,377044,380215.0,546454,410035.0,181405,131521.0,118299,92308,106897,99440,86925,80508,81640,75354.0,75971,51171.0,98601,47602,1648988.0,1496302,1119989.0,1043528,961261.0,1016295,1044511.0,805792,1140592,691298.0
2022-05-02,540697,505883,391365,383575.0,545479,409002.0,180847,132414.0,118926,92195,106975,99897,86709,80725,81306,74752.0,75808,51055.0,97913,47527,1654791.0,1497042,1138282.0,1038618,969677.0,1012985,1043009.0,799986,1138213,685845.0
2022-05-03,542519,513336,400454,385867.0,551490,407920.0,180563,132346.0,119365,91977,107248,100623,86468,80860,80782,74635.0,75788,51829.0,97344,47408,1690246.0,1504962,1137560.0,1033760,971076.0,1012905,1071020.0,801303,1136350,679969.0
2022-05-04,542522,515536,407965,387530.0,560812,406966.0,180991,131834.0,119362,91916,106457,99958,86432,80112,80479,74001.0,75726,51750.0,96874,47358,1715691.0,1509426,1134385.0,1178495,973170.0,1011867,1075455.0,798340,1134802,674849.0
2022-05-05,561525,515836,408005,389435.0,556638,406400.0,182572,131336.0,119821,126387,106222,100603,86365,79446,80058,73258.0,75556,51668.0,96098,47316,1731311.0,1509782,1130873.0,1171863,973771.0,1011542,1076616.0,800837,1132603,675257.0
2022-05-06,563653,518685,410908,395388.0,560105,405140.0,183727,131126.0,120259,127194,106733,100434,86748,79928,79701,73671.0,76067,51518.0,95902,47306,1745658.0,1511992,1127619.0,1168368,979438.0,1009431,1074659.0,818441,1130463,726242.0
2022-05-07,563389,525266,419475,399428.0,558431,404449.0,186944,131272.0,121392,126860,107573,100005,87394,81000,79325,74614.0,76959,51443.0,96027,47253,1763363.0,1519313,1125261.0,1164929,1007857.0,1009090,1072918.0,849492,1128670,720505.0
2022-05-08,563394,531189,426822,405757.0,557217,403921.0,189306,131146.0,122504,126546,109272,100704,87985,82560,78981,75491.0,77791,51317.0,96528,47253,1769797.0,1521961,1123040.0,1161526,1027010.0,1007828,1073182.0,867441,1126750,715202.0
2022-05-09,563715,531446,430278,414732.0,554917,405635.0,189364,134143.0,123719,126055,110651,100409,88827,83716,79032,75928.0,78283,51703.0,96572,47280,1775322.0,1530225,1120886.0,1158065,1026481.0,1009292,1072309.0,875481,1124749,712824.0
2022-05-10,565068,533860,435946,423496.0,561040,405165.0,189246,137095.0,123927,125729,111088,102633,89445,84019,78812,75062.0,78098,51613.0,94439,47248,1799443.0,1531368,1118213.0,1153645,1024320.0,1009121,1070340.0,877844,1122548,708935.0
2022-05-11,565283,535152,436280,436219.0,561659,404011.0,190346,137987.0,124640,125375,111087,102358,89361,83967,78855,75304.0,78837,51487.0,93820,47193,1808549.0,1535297,1115494.0,1153308,1021956.0,1007027,1069635.0,873065,1119977,705042.0
2022-05-12,561865,537661,439379,445255.0,566477,402914.0,191553,138124.0,124906,124839,112334,103257,89711,84671,78577,75658.0,79214,51370.0,93521,47150,1823388.0,1534527,1113024.0,1149566,1023668.0,1011067,1074101.0,865197,1118009,706884.0
2022-05-13,560404,554963,442569,451927.0,563204,401962.0,192240,138101.0,125589,124161,113224,103098,90694,85722,78219,76410.0,79949,51254.0,93527,47045,1829898.0,1536582,1110589.0,1146309,1025055.0,1008350,1072843.0,856428,1115661,704388.0
2022-05-14,559720,554923,444631,456591.0,559830,401147.0,192837,138525.0,126948,123737,114219,102874,91366,88218,77910,77031.0,80608,51112.0,93633,46986,1832168.0,1538164,1108246.0,1143338,1028272.0,1005866,1070547.0,848154,1113508,701714.0
2022-05-15,559149,555798,446348,459576.0,570439,401126.0,193760,139162.0,130010,122774,115950,105288,91607,89075,79513,78341.0,80890,50965.0,93824,46909,1839362.0,1540968,1106055.0,1140653,1032572.0,1019915,1068499.0,840649,1112005,700509.0
2022-05-16,559886,560664,451939,464885.0,575875,403707.0,195317,139584.0,133100,122088,116886,110227,91568,89035,80340,78567.0,80579,50867.0,98276,46884,1842614.0,1541082,1103558.0,1137684,1030768.0,1021534,1067263.0,832798,1109824,697255.0
2022-05-17,561500,565285,455931,469934.0,579299,405628.0,197313,151221.0,136191,121701,116794,114967,91236,89120,79765,78245.0,80245,51312.0,101962,46881,1862700.0,1540998,1102027.0,1134545,1034286.0,1032208,1065756.0,850184,1107753,697652.0
2022-05-18,562253,568979,457667,473162.0,581874,407406.0,199773,156901.0,140714,121653,117056,115398,92272,89028,78852,77958.0,79563,51704.0,101097,46917,1869828.0,1545323,1099916.0,1133374,1036234.0,1043262,1064055.0,847739,1105615,693859.0
2022-05-19,561937,570093,458859,476136.0,586381,410386.0,204628,164160.0,141764,121433,117000,116378,92149,88890,78119,77765.0,79219,,100346,46907,1876786.0,1544214,1097341.0,1130614,1034415.0,1040252,1061994.0,838724,1103424,693216.0
2022-05-20,561134,570539,467971,478380.0,585716,412674.0,209252,164828.0,141710,120218,116665,116593,92219,88389,77750,77115.0,78613,,99386,46895,1886706.0,1543805,1095040.0,1128665,1032931.0,1038573,1060410.0,831553,1101468,696204.0
2022-05-21,561273,576728,479827,484488.0,585319,413331.0,210787,165235.0,141486,119855,116594,116499,92119,88195,77216,76719.0,78240,,98713,46854,1890234.0,1542438,1092500.0,1126145,1030895.0,1036641,1058504.0,825067,1099657,692733.0
2022-05-22,561582,576644,487506,485699.0,583570,411651.0,210472,165310.0,141617,119482,116455,116345,91950,88042,76732,76623.0,77890,69883.0,98059,46870,1894495.0,1540689,1089443.0,1123537,1028584.0,1034769,1056226.0,818416,1097614,688810.0
2022-05-23,561710,579526,487754,486985.0,584736,408960.0,210850,165081.0,142818,119185,116384,116079,92080,87873,76327,76377.0,77627,66506.0,97582,46850,1897635.0,1540492,1086870.0,1120858,1025965.0,1032609,1054040.0,812388,1095295,692383.0
2022-05-24,561671,580940,488461,490021.0,588830,408021.0,211339,164865.0,143235,118712,116600,116168,92102,87937,75929,76713.0,77918,64716.0,97610,46841,1901456.0,1541506,1084584.0,1118121,1025180.0,1034186,1051416.0,811168,1093322,695326.0
2022-05-25,561304,580336,493619,491141.0,589504,407131.0,210956,167129.0,142952,118139,116535,115986,92638,87775,75251,76752.0,77966,63567.0,97259,46824,1918092.0,1541481,1082217.0,1115763,1026491.0,1032997,1056173.0,818759,1091090,693780.0
2022-05-26,561711,584883,502643,491834.0,596283,406700.0,216348,167810.0,142628,117636,116334,115672,92613,87514,74539,76748.0,78061,62770.0,97075,46822,1926205.0,1540075,1079725.0,1112962,1028085.0,1030965,1079424.0,811472,1088812,690627.0
2022-05-27,562153,588643,507334,492810.0,595121,406062.0,220824,168931.0,142373,117516,116473,115481,92640,87244,74024,76958.0,78289,61983.0,97009,47823,1929316.0,1538974,1077538.0,1109720,1031631.0,1028961,1100668.0,819993,1086927,691141.0
2022-05-28,562612,590490,509059,495228.0,593028,405274.0,223735,168873.0,142328,117406,116964,115264,92624,87023,73436,76902.0,78188,61562.0,96604,50095,1930833.0,1538563,1075647.0,1109379,1037434.0,1026967,1105358.0,813301,1085091,704292.0
2022-05-29,563339,588985,509200,496477.0,593004,404453.0,223627,168954.0,142215,117206,116784,115072,92553,86736,72485,76165.0,77386,61186.0,95519,50021,1931394.0,1540033,1073693.0,1118111,1036334.0,1025059,1102908.0,817093,1082941,705941.0
2022-05-30,563972,590213,510078,496815.0,592531,403859.0,225346,168724.0,142269,117039,116481,115266,92885,86535,71470,75440.0,76614,60852.0,94298,49933,1932731.0,1539497,1071368.0,1116817,1036998.0,1023015,1100289.0,809566,1080563,703220.0
2022-05-31,564770,591139,516195,497362.0,593363,403057.0,230761,169122.0,141877,116880,116230,115058,93045,86300,70822,75264.0,76049,60490.0,93418,49868,1935794.0,1539132,1069014.0,1114410,1035316.0,1020912,1097691.0,809744,1078297,700250.0
2022-06-01,567189,589711,517822,497719.0,593295,402879.0,231796,168792.0,141773,116756,116002,114935,93081,86072,70627,74935.0,75683,60184.0,92785,49630,1938451.0,1538433,1067475.0,1113120,1036534.0,1020596,1104705.0,808030,1076254,697453.0
2022-06-02,572634,588587,518336,497333.0,592824,401737.0,231799,168422.0,141466,116544,116212,115221,93303,85891,70337,74600.0,75808,60161.0,92188,49509,1945153.0,1536585,1065225.0,1111088,1035534.0,1018645,1115133.0,807633,1074129,694378.0
2022-06-03,573216,588324,517357,497002.0,589468,400305.0,232649,167975.0,141191,116307,116081,115160,93705,85661,70033,74144.0,75438,,91431,49349,1947912.0,1534956,1078172.0,1109445,1035062.0,1017756,1110619.0,802411,1072136,693846.0
2022-06-04,573553,587615,517535,496925.0,586123,399713.0,233094,167652.0,140884,116087,116324,115171,94097,85461,69799,73956.0,75229,,91040,49288,1949972.0,1533464,1080785.0,1107848,1035630.0,1016382,1122271.0,802203,1070282,692870.0
2022-06-05,573879,588823,517835,496901.0,584477,399301.0,233356,167347.0,140616,115925,116244,115052,94055,85271,69576,73787.0,75054,,90664,49258,1956912.0,1534352,1079919.0,1107182,1034111.0,1015350,1121014.0,796498,1068755,697601.0
2022-06-06,573558,589616,518372,499407.0,583802,398867.0,233471,166680.0,140666,116457,116060,116306,94101,85122,69387,75322.0,74863,,90229,49205,1958314.0,1534688,1077795.0,1105611,1031886.0,1013514,1117629.0,796899,1066679,704625.0
2022-06-07,576509,595879,518155,500615.0,585452,402185.0,234256,166114.0,140825,118378,115957,116604,93970,84926,69219,76167.0,74714,58671.0,89925,49176,1960053.0,1533396,1075675.0,1103757,1029830.0,1011872,1115957.0,795818,1064464,701311.0
2022-06-08,576950,596921,516490,501794.0,589504,406801.0,234160,165481.0,140760,118272,115768,117268,93822,84759,68993,76625.0,74507,59268.0,89634,49080,1962668.0,1531135,1073491.0,1101925,1028931.0,1010463,1113363.0,790383,1062295,700177.0
2022-06-09,576877,597254,517932,504659.0,595362,410429.0,234019,164702.0,140571,119872,115867,118052,93826,84591,68800,76689.0,74241,59116.0,89298,48983,1967327.0,1531086,1071300.0,1099843,1026964.0,1008706,1131185.0,805561,1060104,700160.0
2022-06-10,576260,596362,517486,507121.0,593422,409186.0,234746,163949.0,140322,119110,115707,118011,93890,84561,68579,76567.0,73939,58955.0,89009,48929,1969716.0,1529019,1068653.0,1097475,1025933.0,1011534,1171243.0,809004,1058055,713938.0
2022-06-11,576947,595819,517521,508621.0,589847,408349.0,235455,163564.0,140188,118479,115411,117896,93451,84430,68379,76273.0,73638,58790.0,88442,48937,1971831.0,1527799,1066844.0,1096134,1024661.0,1013033,1166836.0,810079,1056219,714791.0
2022-06-12,576949,595927,517035,510173.0,587304,407541.0,235095,167853.0,140040,118154,115174,117758,93159,84256,68045,76009.0,73297,58645.0,87955,48940,1972360.0,1526653,1065688.0,1094303,1023119.0,1011977,1161833.0,811129,1054457,712992.0
2022-06-13,581654,593297,516947,510793.0,577617,406728.0,234132,167451.0,138983,117927,115982,117084,92653,84106,67585,75757.0,72880,58490.0,87080,48944,1973484.0,1524778,1064811.0,1092383,1021183.0,1010622,1161316.0,804942,1052472,710388.0
2022-06-14,590997,593417,517948,512011.0,574056,410651.0,234092,166756.0,139273,117789,115832,116836,92345,83832,66568,75360.0,72293,58308.0,86046,48819,1975483.0,1523473,1063601.0,1092056,1019376.0,1011267,1159937.0,815698,1050569,707830.0
2022-06-15,592187,605583,523185,512679.0,581471,414953.0,237788,167789.0,141771,117585,115716,116790,92229,83695,69865,76141.0,71690,58124.0,85298,48726,1974602.0,1522390,1061953.0,1090373,,1010011,1156886.0,809387,1048629,705418.0
2022-06-16,596463,611895,525398,513380.0,590309,414355.0,238877,167350.0,141435,118090,115090,116419,91878,83462,68808,75740.0,71071,58093.0,84428,48683,1975759.0,1521068,1059881.0,1088499,,1014929,1153382.0,803667,1046790,703203.0
2022-06-17,597423,612495,527402,513959.0,586894,413601.0,239372,166903.0,141003,120896,114528,116012,91410,83031,67583,75346.0,70426,57928.0,83499,48634,1976138.0,1520337,1057743.0,1086759,1113119.0,1016688,1150496.0,804588,1045169,705942.0
2022-06-18,597905,610304,528160,514366.0,581294,412845.0,239943,166843.0,140473,120832,113663,115585,90592,82443,65527,74630.0,69558,57766.0,82008,48588,1982377.0,1521463,1067469.0,1085223,1111401.0,1016925,1147691.0,799388,1043461,706690.0
2022-06-19,598222,612438,528948,517185.0,573187,412314.0,240581,167546.0,139909,123715,112390,115089,89757,83020,63461,73924.0,68683,57627.0,80523,48547,1982455.0,1520986,1064330.0,1083012,1108759.0,1015724,1145196.0,794806,1041711,704671.0
2022-06-20,601008,613477,530742,522766.0,567296,411626.0,240606,167159.0,139057,123801,111104,114640,89049,82846,62005,73135.0,67836,57475.0,79238,48487,1986196.0,1519848,1083501.0,1097484,1106564.0,1014328,1142240.0,794328,1039984,702342.0
2022-06-21,603619,612874,529008,524195.0,565549,413512.0,240015,167437.0,138602,123426,110944,114528,89150,82407,62349,72997.0,67381,57327.0,78966,48472,1990361.0,1519692,1081462.0,1089178,1103778.0,1014819,1139928.0,789950,1038404,700325.0
2022-06-22,605186,611690,529919,524544.0,565078,417979.0,239478,167956.0,138307,123257,110637,114628,90296,82395,63571,73216.0,67108,57160.0,79173,48430,1991577.0,1518947,1080806.0,1091628,1101568.0,1013250,1138374.0,785898,1036731,699591.0
2022-06-23,605940,612831,533325,524336.0,566275,416529.0,239535,167895.0,138869,123186,111286,115098,92064,82311,65414,74343.0,67621,57000.0,79832,48369,1993950.0,1525225,1078386.0,1088274,1109428.0,1022047,1135644.0,787083,1035093,699195.0
2022-06-24,606554,616376,538206,524138.0,564057,417207.0,241174,167676.0,140713,123051,113087,116758,94583,82347,67823,77614.0,69183,56942.0,82227,48300,1995154.0,1525455,1076244.0,1085838,1108058.0,1029927,1133277.0,786589,1033520,697392.0
2022-06-25,607590,617796,545089,524257.0,563256,414012.0,242303,167313.0,142578,123082,115567,117730,99274,82456,71942,82629.0,70176,56646.0,86931,48256,2006078.0,1528211,1074196.0,1092809,1106536.0,1030310,1131156.0,791072,1032436,697155.0
2022-06-26,608350,617696,547374,523948.0,561757,413043.0,242884,166982.0,143733,123087,114998,117609,99129,82461,71471,82634.0,69398,74059.0,86565,48173,2026962.0,1538651,1108486.0,1095720,1123869.0,1030575,1129314.0,785941,1031910,708980.0
2022-06-27,609162,617247,551550,522975.0,560533,411484.0,243293,166668.0,143952,122931,114874,117762,99063,82360,71160,82655.0,69080,68451.0,86250,48085,2037979.0,1541355,1104932.0,1094650,1123535.0,1036812,1136912.0,782103,1030859,713603.0
2022-06-28,612084,619013,552061,522511.0,558134,410222.0,243445,167180.0,143683,122757,115375,117500,98717,82139,70488,82294.0,68808,67019.0,84794,48037,2042837.0,1541540,1101512.0,1093234,1122099.0,1037435,1138087.0,799150,1029841,714569.0
2022-06-29,612523,618486,552680,521875.0,555116,409258.0,245267,167187.0,143462,122704,115150,117294,99623,81855,70021,81842.0,68412,66190.0,84199,47986,2043736.0,1541085,1098240.0,1091468,1120442.0,1068590,1136058.0,795345,1028523,714232.0
2022-06-30,611511,623877,554506,521130.0,553376,408094.0,245769,166794.0,143676,121864,115046,117177,99884,81959,69580,81693.0,68606,66593.0,84121,47943,2046471.0,1539908,1095373.0,1089898,1119306.0,1065708,1134232.0,805006,1027292,712319.0
2022-07-01,610937,623883,564939,520937.0,552210,407268.0,246179,166967.0,143506,121388,115657,116857,99672,81744,69486,81233.0,68454,66078.0,84328,47884,2049679.0,1538878,1092727.0,1088122,1117940.0,1063096,1131911.0,798700,1025823,712746.0
2022-07-02,613571,623821,567668,520536.0,553899,406807.0,246268,166711.0,143332,121276,116844,116616,99222,81565,70327,80732.0,67953,65750.0,83755,47829,2050661.0,1538402,1090411.0,1086683,1116503.0,1061023,1129868.0,806850,1024648,710839.0
2022-07-03,614045,623765,569074,519743.0,554316,406031.0,246856,166516.0,144634,121159,118323,116479,100237,82126,70377,80864.0,68616,65407.0,83877,47790,2052877.0,1541523,1088405.0,1085396,1115082.0,1058735,1127982.0,800587,1023356,708404.0
2022-07-04,613727,625214,569223,518970.0,553715,405019.0,247062,166135.0,144702,121161,118181,116218,100028,82041,69836,80580.0,68353,65023.0,83291,47715,2053707.0,1541819,1085962.0,1083615,1113301.0,1056267,1125782.0,805890,1021648,709023.0
2022-07-05,614113,630024,568950,518105.0,551911,404142.0,247548,165560.0,144499,121108,120146,116198,99637,82036,69398,80160.0,68233,64584.0,82789,47637,2063303.0,1540976,1083650.0,1082183,1111667.0,1054606,1123526.0,814566,1020238,710568.0
2022-07-06,614809,630268,568616,517186.0,550239,403095.0,248128,165088.0,144294,121041,120079,116369,100802,81883,71451,79682.0,68173,64267.0,82280,47571,2064321.0,1539148,1081025.0,1080076,1109561.0,1052375,1120937.0,818399,1018608,709188.0
2022-07-07,615122,632740,571538,516581.0,559910,402291.0,248726,164454.0,144160,120974,119833,117686,100738,81674,72690,79238.0,67991,63902.0,83816,47486,2063282.0,1538246,1078660.0,1078146,1107548.0,1050238,1118842.0,820913,1016987,706638.0
2022-07-08,615220,638671,576269,515844.0,556018,402105.0,248569,164077.0,143401,120873,119549,117566,100717,82114,72433,79795.0,67747,63629.0,83269,47434,2063578.0,1537042,1076557.0,1076708,1105622.0,1048346,1116896.0,814747,1015402,704452.0
2022-07-09,615402,640704,578453,515530.0,560040,401201.0,248948,163651.0,143187,120785,119324,117388,100955,82083,73547,79463.0,67469,63366.0,82744,47382,2064327.0,1538348,1074659.0,1074907,1104335.0,1046820,1115119.0,809721,1014000,702334.0
2022-07-10,615356,640401,578679,515768.0,558989,400815.0,249595,163120.0,142951,120611,119132,117140,101782,81903,74112,79237.0,67213,63127.0,82240,47346,2064523.0,1540859,1072834.0,1073582,1106621.0,1045335,1113319.0,808469,1012580,700116.0
2022-07-11,615468,641378,578572,515252.0,558486,401222.0,249837,163045.0,142839,120418,119909,116888,101888,81688,74425,78841.0,66992,62838.0,81714,47452,2065153.0,1540394,1070845.0,1072360,1105936.0,1043468,1111313.0,803142,1010960,697909.0
2022-07-12,615390,640832,577691,515074.0,557375,400532.0,251030,162376.0,143336,120204,120060,116827,101653,81830,76709,78517.0,66794,62571.0,81233,47456,2066766.0,1541617,1068821.0,1071151,1104740.0,1041950,1109280.0,805653,1009740,695671.0
2022-07-13,615559,640311,576890,515107.0,558161,399677.0,251286,161905.0,143385,120147,120413,116771,101616,81778,78954,78563.0,66670,62299.0,80816,47427,2071893.0,1542586,1066963.0,1070077,1114372.0,1050953,1107109.0,814769,1008587,693449.0
2022-07-14,620105,646355,576216,514215.0,558875,399026.0,251061,161448.0,143407,119952,121506,116759,100986,81845,79143,79190.0,66535,62030.0,80444,47374,2087124.0,1551182,1067185.0,1112178,1117567.0,1052215,1112443.0,816401,1008897,709746.0
2022-07-15,622459,646972,575664,514219.0,558098,398431.0,253126,161156.0,143585,119864,121723,116911,100651,81965,79610,79527.0,66377,61470.0,80159,46434,2099452.0,1555874,1066381.0,1113209,1116579.0,1051615,1113102.0,822578,1008437,706803.0
2022-07-16,623206,646801,578327,514838.0,566300,398323.0,253306,160839.0,143507,119781,121754,116886,100457,81889,82021,79237.0,66388,61189.0,79830,46113,2107019.0,1557814,1065171.0,1113141,1115515.0,1051518,1112330.0,843814,1008193,704704.0
2022-07-17,623940,646308,579481,515068.0,565867,397909.0,253230,160618.0,143435,119664,121530,116624,100272,81737,83235,78901.0,66227,60998.0,79506,45953,2107259.0,1558834,1063328.0,1111151,1114031.0,1049996,1110466.0,837332,1007126,703399.0
2022-07-18,624304,646570,579468,515066.0,566995,397233.0,252855,160135.0,143137,119695,121424,116342,100377,81571,84450,78652.0,66069,60842.0,79180,45840,2109375.0,1563139,1061603.0,1109375,1123673.0,1048491,1108580.0,831468,1005878,702127.0
2022-07-19,624685,646876,579674,515172.0,567016,396407.0,252971,159547.0,142980,119575,121206,116514,100368,81379,85317,78408.0,65959,60634.0,78900,45742,2109934.0,1562483,1059793.0,1107573,1127116.0,1046726,1109686.0,840635,1004611,700272.0
2022-07-20,624797,649496,582527,514391.0,566142,395290.0,253695,158884.0,142722,119433,120932,116849,100181,81186,85220,78174.0,65824,60375.0,78615,45653,2110066.0,1561481,1058299.0,1105760,1125889.0,1045178,1107864.0,834867,1003219,699354.0
2022-07-21,625596,650331,584047,513580.0,565637,394004.0,254210,158517.0,143097,119303,121124,116669,100159,81224,85016,77951.0,65692,60224.0,78372,45549,2109765.0,1559624,1056567.0,1103868,1127977.0,1043534,1105766.0,829631,1001929,699824.0
2022-07-22,625860,650031,589027,512949.0,565754,392802.0,254088,158161.0,143047,119163,121341,116479,100100,81242,84869,77768.0,65606,60109.0,78177,45506,2109746.0,1558283,1054885.0,1102565,1128259.0,1042186,1103782.0,825177,1000649,698574.0
2022-07-23,625733,650500,588875,513224.0,562799,390703.0,254275,158728.0,142836,119023,121268,116354,99903,81124,84955,77722.0,65496,59941.0,77988,45428,2116160.0,1558750,1053364.0,1101352,1126415.0,1041377,1102131.0,820602,999562,794009.0
2022-07-24,625196,649858,589344,513264.0,559379,388346.0,254838,159045.0,143186,118874,121186,116536,99850,80990,86154,77442.0,65382,59818.0,77797,45358,2118552.0,1558305,1052137.0,1100311,1124891.0,1040429,1099947.0,815376,998408,787591.0
2022-07-25,625780,649163,590211,512738.0,558290,387980.0,255109,158816.0,143613,118786,121057,116436,99704,80998,86341,77536.0,65271,59612.0,77608,45267,2119595.0,1557793,1050733.0,1098968,1123256.0,1039631,1099043.0,811053,997111,782544.0
2022-07-26,626488,649135,590282,512490.0,557332,391280.0,255075,158418.0,143413,118649,120906,116312,99727,80902,86518,77807.0,65150,59448.0,77410,45159,2120355.0,1558200,1049236.0,1097491,1121421.0,1038516,1099165.0,807333,995715,778783.0
2022-07-27,627192,648791,590699,512028.0,556471,391739.0,255010,157879.0,143414,118595,120764,116111,99645,81752,86472,77818.0,65019,59272.0,77266,45101,2121605.0,1557174,1047531.0,1096409,1120198.0,1037203,1097183.0,878482,994429,779822.0
2022-07-28,626701,649571,590848,511500.0,551853,391323.0,254739,157422.0,143186,118537,120615,115898,99294,81930,85238,77134.0,64935,59128.0,76519,45042,2126276.0,1557566,1047129.0,1096119,1118571.0,1036416,1094991.0,868121,993095,777061.0
2022-07-29,629165,653672,590970,511336.0,550356,392854.0,254568,157117.0,143199,118365,121113,115749,99237,81744,85213,77024.0,64854,58943.0,76395,44977,2128818.0,1557944,1057030.0,1097600,1117906.0,1041969,1092509.0,860380,991859,773439.0
2022-07-30,630783,655463,590582,510811.0,548919,391954.0,254509,156923.0,143292,118297,121405,115650,99197,82370,85098,76893.0,64783,58825.0,76239,44917,2133162.0,1558475,1057721.0,1097532,1117564.0,1043506,1090535.0,853918,990722,770036.0
2022-07-31,631550,654915,590274,510003.0,548085,391486.0,254729,156826.0,143477,118230,121335,115711,99491,82332,85402,76766.0,64704,58678.0,76108,44892,2135928.0,1559584,1213941.0,1096576,1116859.0,1046166,1088774.0,886521,989837,766401.0
2022-08-01,631683,653903,590061,509415.0,546692,390626.0,254867,156482.0,143375,118480,121232,115709,99330,82194,85297,76593.0,64613,58498.0,75944,44854,2137265.0,1558898,1286944.0,1198490,1115288.0,1044049,1086710.0,913043,988471,762918.0
2022-08-02,634213,652878,589551,509449.0,542759,390539.0,255505,156085.0,143335,120085,121173,115706,98875,82042,83816,75764.0,64511,58320.0,74753,44788,2146085.0,1561487,1267180.0,1247754,1127407.0,1056653,1084997.0,930526,987458,760724.0
2022-08-03,634680,651899,592951,508968.0,541611,390134.0,256400,155911.0,143060,119821,121011,115710,98940,81902,83882,75519.0,64413,58192.0,74566,45457,2155122.0,1560414,1258283.0,1238827,1125569.0,1054212,1082532.0,928658,986141,811434.0
2022-08-04,636840,650740,593283,508080.0,540173,389587.0,257789,157343.0,142856,119735,120887,115752,99621,82611,83689,75281.0,64321,58048.0,74360,47104,2158518.0,1559462,1251172.0,1232300,1127950.0,1056102,1080403.0,933557,984773,802894.0
2022-08-05,637301,649750,594427,507485.0,537824,388887.0,257572,157686.0,142821,119572,121307,115600,99687,82613,83481,75095.0,64217,57874.0,74185,51356,2162063.0,1558588,1245637.0,1227139,1126698.0,1053928,1078156.0,928005,983480,797251.0
2022-08-06,636815,650719,593809,507183.0,533186,387215.0,257083,157355.0,142601,119396,121211,115441,100103,82459,82911,74864.0,64090,57742.0,73896,51538,2164174.0,1557994,1240789.0,1223295,1124988.0,1052195,1076264.0,925340,982329,793205.0
2022-08-07,636911,650764,597051,506840.0,530664,386635.0,256477,156803.0,142322,119216,121050,115286,100151,82277,83401,74716.0,63960,57597.0,73744,51411,2168782.0,1558878,1235886.0,1220011,1123476.0,1051196,1074868.0,926823,981254,835860.0
2022-08-08,637917,650554,598719,506066.0,529303,386060.0,256129,156371.0,142045,119063,121205,115117,100093,82122,83349,74582.0,63851,57433.0,73623,51224,2169504.0,1558103,1231431.0,1216034,1128622.0,1049515,1072743.0,917915,980153,829248.0
2022-08-09,639912,654183,598996,505515.0,527049,385825.0,255856,155860.0,141796,118822,121173,115460,100921,82476,83645,74454.0,63819,57270.0,73501,51092,2176610.0,1559586,1228267.0,1217601,1129818.0,1048437,1071070.0,936482,978941,825832.0
2022-08-10,641057,659935,604618,505516.0,524833,385445.0,258190,155530.0,141530,118621,120963,115358,103215,82361,83511,74303.0,63729,57112.0,73347,51037,2177714.0,1559674,1225699.0,1216594,1129101.0,1047236,1069465.0,934507,977873,821869.0
2022-08-11,641779,660091,606617,505452.0,522858,385191.0,258704,155107.0,141388,118457,120755,115190,103449,82402,83279,74174.0,63603,56967.0,73188,50960,2177874.0,1559715,1222152.0,1214503,1127780.0,1046076,1067494.0,946035,976788,817448.0
2022-08-12,642111,659222,605559,506074.0,520945,385897.0,258904,154773.0,141061,118380,120390,115101,102692,82084,82382,73858.0,63345,56848.0,72912,50925,2174864.0,1558733,1219044.0,1212012,1129350.0,1044616,1065770.0,942846,975753,813906.0
2022-08-13,642155,662247,606930,507702.0,521658,388664.0,259965,154482.0,141074,118280,120271,115356,102350,81826,83107,73825.0,62970,56742.0,72497,50865,2173414.0,1557958,1216082.0,1209091,1128372.0,1043182,1064198.0,937491,974637,810170.0
2022-08-14,642866,661274,606193,507828.0,522077,390164.0,260653,155321.0,141732,118181,120875,117107,102036,82078,84545,74524.0,62648,56632.0,72155,50807,2171161.0,1559441,1214580.0,1206570,1126861.0,1041680,1062296.0,935281,973363,808323.0
2022-08-15,643408,659981,604867,507524.0,523537,390024.0,261619,155063.0,142370,118078,121573,117962,101806,82493,85221,75219.0,62346,56505.0,71848,50744,2170927.0,1558558,1212705.0,1204170,1125228.0,1039433,1060114.0,941272,972035,806129.0
2022-08-16,661891,662698,604829,507146.0,521947,390143.0,261582,155815.0,141873,118024,122699,118205,101629,83016,85042,75782.0,62184,56416.0,71649,50680,2183116.0,1558597,1259418.0,1202225,1124309.0,1039707,1078842.0,965572,970861,802269.0
2022-08-17,679324,663526,602921,507348.0,521173,389562.0,261710,156300.0,141378,117961,123063,117560,101686,82855,85599,75429.0,61920,56380.0,71315,50525,2191789.0,1557649,1257326.0,1199831,1122657.0,1038386,1121845.0,958930,969610,799022.0
2022-08-18,684990,662002,601181,506601.0,515811,388750.0,263199,156203.0,141124,117912,123664,116088,101695,82535,85558,75107.0,61687,56268.0,71079,50454,2197352.0,1557948,1253208.0,1210307,1122006.0,1037732,1115932.0,961633,968652,832429.0
2022-08-19,687435,661826,603237,506226.0,511056,387783.0,263311,156225.0,140600,117831,123290,114712,101304,82092,85585,74763.0,61366,56162.0,70740,50408,2198354.0,1557919,1250089.0,1207082,1121187.0,1036488,1112133.0,973734,967598,828023.0
2022-08-20,688630,660832,602366,506525.0,507616,387487.0,262797,156349.0,140002,117710,122680,114133,101016,81556,85415,74267.0,60976,57417.0,70337,50304,2200935.0,1558029,1247640.0,1204829,1123952.0,1035505,1109300.0,980005,966644,824587.0
2022-08-21,689307,659884,602824,506914.0,510937,386007.0,263349,156638.0,139353,117615,122775,113292,100526,81485,85147,73945.0,60541,57347.0,69696,50234,2201398.0,1558316,1250260.0,1203004,1123333.0,1034424,1106535.0,976533,965947,822207.0
2022-08-22,692618,658848,602711,506459.0,507099,392350.0,265800,156637.0,138837,120909,122634,112593,100059,84634,84993,73274.0,61144,57226.0,69050,50187,2208174.0,1558272,1249892.0,1201131,1122041.0,1048613,1103521.0,1006617,965139,820239.0
2022-08-23,694615,657836,602531,506699.0,502112,390597.0,265714,156375.0,140789,121136,122268,116803,99567,85334,85002,72517.0,62520,57088.0,68441,50124,2210842.0,1558186,1309968.0,1221176,1120752.0,1077269,1100660.0,1032216,964453,868999.0
2022-08-24,696104,662022,602534,506791.0,501939,389251.0,267853,156134.0,141863,121290,122934,118221,102195,84999,85018,72041.0,64049,57051.0,67939,50067,2233965.0,1567390,1367030.0,1334135,1253898.0,1097784,1097295.0,1043411,964584,861859.0
2022-08-25,698548,662297,602777,508275.0,500516,388454.0,269460,155821.0,141552,121306,124062,119838,101782,86410,84865,71593.0,65801,56942.0,67394,50005,2234901.0,1568331,1356387.0,1324545,1249453.0,1094788,1095199.0,1038963,963480,857325.0
2022-08-26,697697,663256,601780,507927.0,498099,387386.0,269993,155505.0,141206,121290,123941,120310,101574,86210,84899,71132.0,65336,56835.0,66808,49897,2233199.0,1566679,1349744.0,1318756,1244616.0,1091967,1092584.0,1033302,962237,853195.0
2022-08-27,697477,669616,603601,508995.0,488039,386483.0,270014,155181.0,140853,121222,123813,120324,101199,91923,84311,70699.0,64965,56734.0,66111,49765,2231702.0,1565153,1347155.0,1314419,1240950.0,1089682,1090208.0,1028226,961114,897604.0
2022-08-28,697772,676480,604629,509304.0,485967,385793.0,269561,154832.0,140844,121201,123474,120192,101209,92302,84391,70296.0,64576,56612.0,65534,49612,2231175.0,1564467,1342450.0,1310408,1237807.0,1087549,1087866.0,1022109,960164,890431.0
2022-08-29,702052,677968,602860,508872.0,479064,384991.0,268536,154416.0,140520,121130,124313,120033,102222,92225,84157,69743.0,64142,56514.0,64653,49429,2241318.0,1565355,1469694.0,1413510,,1093908,1085433.0,1034588,959202,884447.0
2022-08-30,703295,677373,600814,508796.0,477314,383787.0,266142,154124.0,139884,121039,124074,119607,101827,91952,84090,69207.0,63662,56422.0,63400,49233,2272318.0,1565991,1469785.0,1420924,1302427.0,1092513,1083067.0,1050417,958070,879894.0
2022-08-31,706396,674999,600855,510639.0,483000,382114.0,271657,153873.0,139140,120761,123600,119306,101413,91705,84133,68679.0,63290,56313.0,62216,48999,2270556.0,1566246,1459671.0,1413483,1298760.0,1091150,1080485.0,1042230,956757,899383.0
2022-09-01,708607,676783,601014,512009.0,480280,380375.0,273389,153679.0,139024,120501,123195,119295,101084,91513,84236,68261.0,62905,56211.0,61312,48790,2269982.0,1564925,1452344.0,1407557,1294424.0,1088686,1078114.0,1049374,955282,895562.0
2022-09-02,709907,676107,600740,512077.0,478303,378966.0,273797,153409.0,139224,120285,122698,119056,100834,91267,84208,67879.0,62598,56166.0,60543,48714,2266971.0,1564801,1445918.0,1402085,1296970.0,1088507,1075670.0,1043446,953727,897756.0
2022-09-03,711350,674910,601759,512009.0,477487,377833.0,275000,153175.0,139097,120122,122524,118877,101104,91135,84073,67616.0,62374,56084.0,59928,48541,2265044.0,1564745,1441210.0,1397624,1296740.0,1086095,1073588.0,1039304,952308,897273.0
2022-09-04,712769,674517,602539,511740.0,478448,377108.0,275525,152944.0,138884,120207,122291,118780,101204,90981,83932,67439.0,62211,55983.0,59403,48382,2263312.0,1565575,1435766.0,1393467,1293539.0,1083665,1071497.0,1032961,950816,893430.0
2022-09-05,715725,679567,601929,512802.0,482309,381567.0,275207,152853.0,138532,122106,122080,118686,101261,90883,83708,67279.0,62448,55888.0,58889,48271,2260714.0,1565475,1430198.0,1389235,1290662.0,1081369,1069275.0,1027541,949207,889416.0
2022-09-06,719784,679411,600084,512649.0,479765,385601.0,274917,152910.0,139010,127110,122205,118569,101225,90739,83539,67083.0,62387,56987.0,58311,48114,2258191.0,1564300,1424597.0,1384759,1287457.0,1079175,1067365.0,1021898,947530,885665.0
2022-09-07,723124,683184,599535,513368.0,492458,384541.0,274661,153402.0,141129,128636,121946,118390,101321,90507,83483,66838.0,62392,56868.0,57845,48001,2272652.0,1564007,1420515.0,1400888,1288864.0,1077443,1065697.0,1016666,945990,882093.0
2022-09-08,724549,680899,602760,512834.0,501083,383397.0,273489,154160.0,140935,128065,121579,118348,101011,90179,83294,66585.0,62186,56761.0,57340,47835,2274823.0,1564483,1435114.0,1400551,,1075385,1064395.0,1011910,944407,879275.0
2022-09-09,734155,679782,605997,512794.0,506295,382262.0,273343,154336.0,140329,127978,122413,118134,100755,89875,82981,66406.0,61988,56631.0,56889,47796,2279186.0,1566747,1435242.0,1398710,1321934.0,1073689,,1007691,943233,876026.0
2022-09-10,745759,678553,607039,512304.0,506616,380930.0,271757,154821.0,139600,130041,122249,118248,100442,89564,82446,66187.0,61803,56475.0,56371,47664,2321645.0,1572891,1457247.0,1442997,1323876.0,1072428,,1013241,942265,888230.0
2022-09-11,752271,680683,605514,512275.0,506505,379864.0,272014,155212.0,139212,130014,122130,118309,100315,89476,82112,66024.0,61659,56323.0,56055,47555,2337091.0,1583735,1488887.0,1437468,1350838.0,1072225,,1007007,941502,883393.0
2022-09-12,757600,682289,605340,511793.0,504097,378661.0,272397,158055.0,138757,136216,121856,118433,100529,90053,81667,65862.0,61470,56179.0,55528,47424,2342431.0,1588101,1539397.0,1524360,1350678.0,1071362,,1008637,940349,908650.0
2022-09-13,759182,682470,605195,515242.0,502396,377916.0,272536,158249.0,138872,138487,121782,118126,100484,90031,81993,65745.0,61318,56065.0,55299,47323,2343474.0,1590149,1531908.0,1515545,1349114.0,1069686,,1003338,939039,904005.0
2022-09-14,760593,684598,605337,516543.0,501537,377026.0,272655,158468.0,140140,137804,121593,117920,100502,89882,83195,65551.0,61178,55972.0,54847,47186,2344713.0,1591854,1524938.0,1508700,1346592.0,1067947,,1004446,937770,899762.0
2022-09-15,757915,683701,606272,518632.0,516370,376006.0,273302,158266.0,141533,141687,121422,117945,100421,89753,84566,65574.0,61055,55864.0,54622,47109,2340241.0,1593082,1517791.0,1501992,1346942.0,1067028,,1002836,936530,895479.0
2022-09-16,760060,684187,604951,518991.0,515019,375508.0,273372,158154.0,141064,143692,122535,117864,100299,89533,84320,65410.0,60897,55784.0,54261,47009,2359377.0,1593260,1512901.0,1496618,1345329.0,1065758,,1001104,935160,892446.0
2022-09-17,762061,682265,603977,519843.0,507855,376824.0,272725,157884.0,141193,143489,121988,117354,99705,89001,82894,64739.0,60363,55726.0,52999,46916,2367460.0,1593479,1509402.0,1492489,1344794.0,1064398,1083387.0,997958,933991,890491.0
2022-09-18,762472,678960,604294,519711.0,497298,376075.0,271669,157696.0,140782,143200,121049,116825,100871,88302,81070,63980.0,59647,55644.0,51388,46810,2365476.0,1594602,1505127.0,1487593,1342561.0,1062592,1082307.0,994031,932563,887402.0
2022-09-19,762233,676404,601652,519334.0,489708,375395.0,270727,157585.0,140392,142987,120589,116321,100402,87610,79236,63583.0,59043,55591.0,50089,46770,2364934.0,1594809,1502290.0,1485300,1340794.0,1061686,1081197.0,991602,931597,929526.0
